x,y,species cloglog values
1.0,1.0,0.47255087
2.0,2.0,0.62605375
3.0,3.0,0.45173392
4.0,4.0,0.69836897
5.0,5.0,0.34536228
6.0,6.0,0.46286422
7.0,7.0,0.071096994
8.0,8.0,0.56726557
9.0,9.0,0.084325515
10.0,10.0,0.6017745
11.0,11.0,0.12535994
12.0,12.0,0.008690512
13.0,13.0,0.68827945
14.0,14.0,0.6016859
15.0,15.0,0.53030074
16.0,16.0,0.036760256
17.0,17.0,0.5820347
18.0,18.0,0.035769332
19.0,19.0,0.5926061
20.0,20.0,0.060470127
21.0,21.0,0.22459836
22.0,22.0,0.18089393
23.0,23.0,0.5623357
24.0,24.0,0.38154092
25.0,25.0,0.74418765
26.0,26.0,0.7080354
27.0,27.0,0.002962352
28.0,28.0,0.11559672
29.0,29.0,0.009498646
30.0,30.0,0.1012041
31.0,31.0,0.071914345
32.0,32.0,0.0011208
33.0,33.0,0.75502414
34.0,34.0,0.18810365
35.0,35.0,0.20523117
36.0,36.0,0.0029739635
37.0,37.0,0.6794468
38.0,38.0,0.62861264
39.0,39.0,0.17282425
40.0,40.0,0.2185051
41.0,41.0,0.14934233
42.0,42.0,0.002969009
43.0,43.0,0.090241075
44.0,44.0,0.6353552
45.0,45.0,0.27284533
46.0,46.0,0.6763416
47.0,47.0,0.040089596
48.0,48.0,0.0019741384
49.0,49.0,0.11436467
50.0,50.0,0.10985985
51.0,51.0,0.12723494
52.0,52.0,0.23128767
53.0,53.0,0.012034319
54.0,54.0,9.475229E-4
55.0,55.0,0.009068584
56.0,56.0,0.08160002
57.0,57.0,0.03624965
58.0,58.0,0.48365724
59.0,59.0,0.52242464
60.0,60.0,0.619731
61.0,61.0,0.026694458
62.0,62.0,0.7414409
63.0,63.0,0.41198522
64.0,64.0,0.6136166
65.0,65.0,0.049093377
66.0,66.0,0.044434503
67.0,67.0,0.23114048
68.0,68.0,0.001924993
69.0,69.0,0.32238126
70.0,70.0,0.008642579
71.0,71.0,0.66944736
72.0,72.0,0.34818697
73.0,73.0,0.70991135
74.0,74.0,0.7281893
75.0,75.0,0.6549736
76.0,76.0,0.62377083
77.0,77.0,0.5999679
78.0,78.0,0.5003027
79.0,79.0,0.54852724
80.0,80.0,0.29047394
81.0,81.0,0.37926564
82.0,82.0,0.6890587
83.0,83.0,0.016481575
84.0,84.0,0.7240351
85.0,85.0,0.41139525
86.0,86.0,9.5052406E-4
87.0,87.0,0.30871883
88.0,88.0,0.64182365
89.0,89.0,0.13627511
90.0,90.0,0.52969
91.0,91.0,0.33794725
92.0,92.0,0.03142846
93.0,93.0,0.2959927
94.0,94.0,0.2674584
95.0,95.0,0.08747212
96.0,96.0,0.35422382
97.0,97.0,0.040886376
98.0,98.0,0.0021045024
99.0,99.0,0.21476509
100.0,100.0,0.050277423
101.0,101.0,0.0010721234
102.0,102.0,0.60010964
103.0,103.0,0.44662312
104.0,104.0,0.5385828
105.0,105.0,0.032219633
106.0,106.0,0.5304693
107.0,107.0,0.018315736
108.0,108.0,0.13912232
109.0,109.0,0.018526977
110.0,110.0,0.26564488
111.0,111.0,0.0036350621
112.0,112.0,0.49135143
113.0,113.0,0.4062192
114.0,114.0,0.4140843
115.0,115.0,0.051737607
116.0,116.0,0.00192743
117.0,117.0,0.38271186
118.0,118.0,0.63128066
119.0,119.0,0.20546015
120.0,120.0,0.117509566
121.0,121.0,0.56495553
122.0,122.0,0.47040275
123.0,123.0,0.019248333
124.0,124.0,0.36048648
125.0,125.0,0.046575855
126.0,126.0,0.33843595
127.0,127.0,0.5428337
128.0,128.0,0.40983453
129.0,129.0,0.47632557
130.0,130.0,0.46108302
131.0,131.0,0.6042324
132.0,132.0,0.2311634
133.0,133.0,0.13675009
134.0,134.0,0.2116253
135.0,135.0,0.0960576
136.0,136.0,0.32241115
137.0,137.0,0.6294984
138.0,138.0,0.47259453
139.0,139.0,0.13741796
140.0,140.0,0.5017735
141.0,141.0,0.78328943
142.0,142.0,0.48680574
143.0,143.0,0.24798048
144.0,144.0,0.431842
145.0,145.0,0.016602531
146.0,146.0,0.060740698
147.0,147.0,0.0043709422
148.0,148.0,0.05190452
149.0,149.0,0.51930887
150.0,150.0,0.6200338
151.0,151.0,0.296431
152.0,152.0,0.6355257
153.0,153.0,0.6948992
154.0,154.0,0.020180335
155.0,155.0,0.24794282
156.0,156.0,0.09558082
157.0,157.0,0.011357016
158.0,158.0,0.28029072
159.0,159.0,0.0013243387
160.0,160.0,0.608728
161.0,161.0,0.67671025
162.0,162.0,0.024541833
163.0,163.0,0.0010262824
164.0,164.0,0.044481497
165.0,165.0,0.6474358
166.0,166.0,0.22539578
167.0,167.0,0.09031446
168.0,168.0,0.50272465
169.0,169.0,0.47333664
170.0,170.0,0.021874275
171.0,171.0,0.044294655
172.0,172.0,0.7159133
173.0,173.0,0.094704315
174.0,174.0,0.0871619
175.0,175.0,0.039871152
176.0,176.0,0.6381069
177.0,177.0,0.2004867
178.0,178.0,0.26959878
179.0,179.0,0.6899561
180.0,180.0,0.16637582
181.0,181.0,0.26416457
182.0,182.0,0.2734091
183.0,183.0,0.6831028
184.0,184.0,0.11076268
185.0,185.0,0.26307958
186.0,186.0,0.5519124
187.0,187.0,0.033258762
188.0,188.0,0.23599021
189.0,189.0,0.48275587
190.0,190.0,0.20370665
191.0,191.0,0.6516224
192.0,192.0,0.19152933
193.0,193.0,0.60823345
194.0,194.0,0.08813634
195.0,195.0,0.004308941
196.0,196.0,0.21279955
197.0,197.0,0.5138795
198.0,198.0,0.00574367
199.0,199.0,0.5480787
200.0,200.0,0.60096806
201.0,201.0,0.63872695
202.0,202.0,0.4710727
203.0,203.0,0.697937
204.0,204.0,0.00519419
205.0,205.0,0.19056264
206.0,206.0,0.3033811
207.0,207.0,0.03116629
208.0,208.0,0.0055138897
209.0,209.0,6.1530044E-4
210.0,210.0,4.754753E-4
211.0,211.0,0.25403345
212.0,212.0,0.18468082
213.0,213.0,0.6644864
214.0,214.0,0.07950561
215.0,215.0,0.61828315
216.0,216.0,0.68666863
217.0,217.0,0.035174888
218.0,218.0,5.7732954E-4
219.0,219.0,0.4705821
220.0,220.0,0.7670875
221.0,221.0,0.5113952
222.0,222.0,0.118747726
223.0,223.0,0.09146934
224.0,224.0,0.5965221
225.0,225.0,0.03288728
226.0,226.0,0.16320664
227.0,227.0,0.022693798
228.0,228.0,0.5718094
229.0,229.0,0.5506006
230.0,230.0,0.07823558
231.0,231.0,0.6287894
232.0,232.0,0.70606184
233.0,233.0,0.49687672
234.0,234.0,0.007312326
235.0,235.0,0.18161282
236.0,236.0,0.09127871
237.0,237.0,0.23987779
238.0,238.0,0.2575188
239.0,239.0,0.15423907
240.0,240.0,0.63654166
241.0,241.0,0.16971433
242.0,242.0,0.082695454
243.0,243.0,0.6415309
244.0,244.0,0.0022533068
245.0,245.0,0.62576574
246.0,246.0,0.5544844
247.0,247.0,0.016802901
248.0,248.0,0.030565519
249.0,249.0,0.693554
250.0,250.0,0.75584114
251.0,251.0,0.38348076
252.0,252.0,0.2824208
253.0,253.0,0.014356905
254.0,254.0,0.0013389745
255.0,255.0,0.02590523
256.0,256.0,0.31866035
257.0,257.0,9.966362E-4
258.0,258.0,0.007326372
259.0,259.0,0.0036434683
260.0,260.0,0.24904956
261.0,261.0,0.030907685
262.0,262.0,0.03900966
263.0,263.0,0.04700532
264.0,264.0,0.6393436
265.0,265.0,0.32815066
266.0,266.0,0.09144451
267.0,267.0,0.48707974
268.0,268.0,0.15688162
269.0,269.0,0.02720622
270.0,270.0,0.4689185
271.0,271.0,0.63015974
272.0,272.0,0.2781246
273.0,273.0,0.30684015
274.0,274.0,0.5777313
275.0,275.0,0.24503015
276.0,276.0,0.023316046
277.0,277.0,0.002014208
278.0,278.0,0.68014103
279.0,279.0,0.5092169
280.0,280.0,0.09046782
281.0,281.0,0.6271176
282.0,282.0,0.69368696
283.0,283.0,0.7462496
284.0,284.0,0.58123267
285.0,285.0,0.0028750359
286.0,286.0,0.039466966
287.0,287.0,0.64723784
288.0,288.0,0.0012035668
289.0,289.0,0.14674857
290.0,290.0,0.7362353
291.0,291.0,0.5866749
292.0,292.0,0.7019874
293.0,293.0,0.6649902
294.0,294.0,0.12810223
295.0,295.0,0.03639013
296.0,296.0,0.37634248
297.0,297.0,0.6048562
298.0,298.0,0.45819297
299.0,299.0,0.502621
300.0,300.0,0.29203045
301.0,301.0,0.67030984
302.0,302.0,0.0011646381
303.0,303.0,0.079844475
304.0,304.0,0.32758147
305.0,305.0,0.6548199
306.0,306.0,0.0094116265
307.0,307.0,0.040842038
308.0,308.0,0.54093677
309.0,309.0,0.16242777
310.0,310.0,0.041868716
311.0,311.0,0.5544551
312.0,312.0,0.5806435
313.0,313.0,9.0570055E-4
314.0,314.0,0.3693905
315.0,315.0,0.09742183
316.0,316.0,0.06004383
317.0,317.0,0.6757806
318.0,318.0,0.2574285
319.0,319.0,0.13436933
320.0,320.0,0.10152452
321.0,321.0,0.6017088
322.0,322.0,0.6791667
323.0,323.0,0.23523873
324.0,324.0,0.0017233867
325.0,325.0,0.30406508
326.0,326.0,0.5884983
327.0,327.0,0.1069064
328.0,328.0,0.6369346
329.0,329.0,0.0019356429
330.0,330.0,0.1114683
331.0,331.0,0.0033050696
332.0,332.0,0.42852148
333.0,333.0,0.5548161
334.0,334.0,0.09314586
335.0,335.0,0.1562654
336.0,336.0,0.25133365
337.0,337.0,0.63772124
338.0,338.0,0.54374695
339.0,339.0,0.7096471
340.0,340.0,0.6095952
341.0,341.0,0.729041
342.0,342.0,0.008651463
343.0,343.0,0.5122807
344.0,344.0,0.008587313
345.0,345.0,0.16232072
346.0,346.0,9.781132E-4
347.0,347.0,0.54270494
348.0,348.0,0.3788458
349.0,349.0,0.028972698
350.0,350.0,0.02991133
351.0,351.0,0.2650322
352.0,352.0,0.27456623
353.0,353.0,0.6539126
354.0,354.0,0.53165525
355.0,355.0,0.22803149
356.0,356.0,0.24644923
357.0,357.0,0.5803123
358.0,358.0,0.051886007
359.0,359.0,0.6844981
360.0,360.0,0.0020117199
361.0,361.0,0.37931305
362.0,362.0,0.14242847
363.0,363.0,0.062837176
364.0,364.0,0.38188165
365.0,365.0,0.0068918406
366.0,366.0,0.44139677
367.0,367.0,0.31832978
368.0,368.0,0.5204896
369.0,369.0,0.53562313
370.0,370.0,0.2621236
371.0,371.0,0.19954352
372.0,372.0,0.08992919
373.0,373.0,0.56874406
374.0,374.0,0.18910204
375.0,375.0,0.018063027
376.0,376.0,0.041452393
377.0,377.0,0.36392936
378.0,378.0,0.6229939
379.0,379.0,0.29986098
380.0,380.0,0.53879696
381.0,381.0,0.1241621
382.0,382.0,0.72503954
383.0,383.0,0.72281104
384.0,384.0,0.28676793
385.0,385.0,0.6297755
386.0,386.0,5.7050824E-4
387.0,387.0,0.2830546
388.0,388.0,0.35117918
389.0,389.0,0.4358953
390.0,390.0,0.75234854
391.0,391.0,0.051844127
392.0,392.0,0.2617653
393.0,393.0,0.71426576
394.0,394.0,0.23772833
395.0,395.0,0.59007716
396.0,396.0,0.6348455
397.0,397.0,0.48065805
398.0,398.0,0.16952734
399.0,399.0,0.0038908625
400.0,400.0,0.7210152
401.0,401.0,0.6429162
402.0,402.0,0.2009754
403.0,403.0,0.34086108
404.0,404.0,0.13631086
405.0,405.0,0.016340502
406.0,406.0,0.044751294
407.0,407.0,0.23529445
408.0,408.0,0.6985583
409.0,409.0,0.51397055
410.0,410.0,0.27496982
411.0,411.0,0.0021882146
412.0,412.0,0.010817511
413.0,413.0,0.19180523
414.0,414.0,0.55298346
415.0,415.0,0.7289649
416.0,416.0,0.16156915
417.0,417.0,0.08904686
418.0,418.0,0.36926663
419.0,419.0,0.006401242
420.0,420.0,0.040500656
421.0,421.0,0.100574195
422.0,422.0,0.47927618
423.0,423.0,0.6304986
424.0,424.0,0.73183566
425.0,425.0,0.72276413
426.0,426.0,0.4599869
427.0,427.0,0.5866811
428.0,428.0,0.0020437462
429.0,429.0,0.56691307
430.0,430.0,0.3119227
431.0,431.0,0.6312995
432.0,432.0,0.71397865
433.0,433.0,0.21469462
434.0,434.0,0.69331527
435.0,435.0,6.408308E-4
436.0,436.0,0.4591636
437.0,437.0,0.2851167
438.0,438.0,0.6417235
439.0,439.0,0.5784093
440.0,440.0,0.34134114
441.0,441.0,0.67422694
442.0,442.0,0.09451501
443.0,443.0,0.7489107
444.0,444.0,0.2511277
445.0,445.0,0.5714383
446.0,446.0,0.6436311
447.0,447.0,0.34273776
448.0,448.0,0.46560994
449.0,449.0,0.592597
450.0,450.0,0.02310813
451.0,451.0,0.07776594
452.0,452.0,0.09610747
453.0,453.0,0.22887751
454.0,454.0,0.017856378
455.0,455.0,0.0012325536
456.0,456.0,0.027505105
457.0,457.0,0.67681116
458.0,458.0,0.075460196
459.0,459.0,0.001382313
460.0,460.0,0.19104889
461.0,461.0,0.034864455
462.0,462.0,0.64699394
463.0,463.0,0.4348609
464.0,464.0,0.16201554
465.0,465.0,0.0041041314
466.0,466.0,0.040244978
467.0,467.0,0.6399542
468.0,468.0,0.12088481
469.0,469.0,0.70602596
470.0,470.0,0.015422708
471.0,471.0,0.14563675
472.0,472.0,0.10991971
473.0,473.0,0.57240963
474.0,474.0,0.55731523
475.0,475.0,0.59173185
476.0,476.0,0.07036985
477.0,477.0,0.007817269
478.0,478.0,0.6436062
479.0,479.0,0.22343795
480.0,480.0,0.57725155
481.0,481.0,0.009923225
482.0,482.0,0.43750054
483.0,483.0,0.023883391
484.0,484.0,0.61991477
485.0,485.0,0.007904763
486.0,486.0,0.5616721
487.0,487.0,0.020839639
488.0,488.0,0.48628217
489.0,489.0,0.06043957
490.0,490.0,0.12477387
491.0,491.0,0.22651955
492.0,492.0,0.026547283
493.0,493.0,0.14339755
494.0,494.0,0.34853902
495.0,495.0,0.01654907
496.0,496.0,0.58783853
497.0,497.0,0.02608857
498.0,498.0,0.001115919
499.0,499.0,0.03349855
500.0,500.0,0.7067302
501.0,501.0,0.49131522
502.0,502.0,0.46038684
503.0,503.0,0.4695124
504.0,504.0,0.6722068
505.0,505.0,0.2917296
506.0,506.0,0.41706455
507.0,507.0,0.074298196
508.0,508.0,0.5732102
509.0,509.0,0.061757036
510.0,510.0,0.70473856
511.0,511.0,0.003977609
512.0,512.0,0.1268568
513.0,513.0,0.061081197
514.0,514.0,0.117665544
515.0,515.0,0.69952106
516.0,516.0,0.025802227
517.0,517.0,0.5861096
518.0,518.0,4.5008652E-4
519.0,519.0,0.015227762
520.0,520.0,0.2981803
521.0,521.0,0.119364895
522.0,522.0,0.54946804
523.0,523.0,0.08773239
524.0,524.0,0.403573
525.0,525.0,0.022892127
526.0,526.0,0.22211714
527.0,527.0,0.35475323
528.0,528.0,0.20222345
529.0,529.0,0.0065475698
530.0,530.0,0.5926355
531.0,531.0,0.7256293
532.0,532.0,0.72658706
533.0,533.0,0.47482195
534.0,534.0,0.49643558
535.0,535.0,0.41241896
536.0,536.0,0.017474419
537.0,537.0,0.557795
538.0,538.0,0.39349633
539.0,539.0,0.046416633
540.0,540.0,0.0017830175
541.0,541.0,7.1842957E-4
542.0,542.0,0.215353
543.0,543.0,0.010730561
544.0,544.0,0.74404377
545.0,545.0,0.10970321
546.0,546.0,0.45738322
547.0,547.0,0.09773953
548.0,548.0,0.0011985933
549.0,549.0,0.34896308
550.0,550.0,0.7663669
551.0,551.0,0.05974463
552.0,552.0,0.07799141
553.0,553.0,0.04282257
554.0,554.0,0.25694227
555.0,555.0,0.04253403
556.0,556.0,0.23133056
557.0,557.0,0.23023729
558.0,558.0,0.43979177
559.0,559.0,0.015144688
560.0,560.0,0.06801092
561.0,561.0,0.42285228
562.0,562.0,0.15456687
563.0,563.0,0.14241257
564.0,564.0,6.137214E-4
565.0,565.0,0.48841077
566.0,566.0,0.2831625
567.0,567.0,8.3914713E-4
568.0,568.0,0.019775527
569.0,569.0,0.26598242
570.0,570.0,0.001384362
571.0,571.0,0.43778667
572.0,572.0,0.1869652
573.0,573.0,0.102734484
574.0,574.0,0.59900457
575.0,575.0,0.010544435
576.0,576.0,0.093569666
577.0,577.0,0.057724994
578.0,578.0,0.593662
579.0,579.0,5.9515634E-4
580.0,580.0,0.15449084
581.0,581.0,0.23285593
582.0,582.0,0.5941209
583.0,583.0,0.5182798
584.0,584.0,0.026268229
585.0,585.0,0.6680306
586.0,586.0,0.1967046
587.0,587.0,0.69531995
588.0,588.0,0.61212206
589.0,589.0,0.59407157
590.0,590.0,0.19328819
591.0,591.0,0.03833586
592.0,592.0,0.6677783
593.0,593.0,0.24170813
594.0,594.0,0.019433811
595.0,595.0,0.6492759
596.0,596.0,0.36544266
597.0,597.0,0.6870503
598.0,598.0,0.14111388
599.0,599.0,0.34353945
600.0,600.0,0.417074
601.0,601.0,0.42371124
602.0,602.0,0.6174755
603.0,603.0,0.2958555
604.0,604.0,0.6189921
605.0,605.0,0.07705569
606.0,606.0,0.5040436
607.0,607.0,0.034635004
608.0,608.0,0.16730815
609.0,609.0,0.018966505
610.0,610.0,0.71777195
611.0,611.0,0.06456189
612.0,612.0,0.69545424
613.0,613.0,0.18874983
614.0,614.0,0.024973249
615.0,615.0,0.38307926
616.0,616.0,0.25539675
617.0,617.0,0.6641954
618.0,618.0,0.021561509
619.0,619.0,0.74384713
620.0,620.0,0.36284813
621.0,621.0,0.35026702
622.0,622.0,0.4607239
623.0,623.0,0.3317562
624.0,624.0,0.35066757
625.0,625.0,0.06907174
626.0,626.0,0.12854025
627.0,627.0,0.058738578
628.0,628.0,0.023744695
629.0,629.0,0.15278688
630.0,630.0,0.2122627
631.0,631.0,0.014599475
632.0,632.0,0.36091903
633.0,633.0,0.40193468
634.0,634.0,0.042001903
635.0,635.0,0.74395263
636.0,636.0,0.7634616
637.0,637.0,0.027561555
638.0,638.0,0.544349
639.0,639.0,0.2171382
640.0,640.0,0.0036540567
641.0,641.0,0.001464788
642.0,642.0,0.58787614
643.0,643.0,0.3701731
644.0,644.0,0.21360482
645.0,645.0,0.52794135
646.0,646.0,9.136672E-4
647.0,647.0,0.16701494
648.0,648.0,0.13298221
649.0,649.0,0.29413223
650.0,650.0,0.06379058
651.0,651.0,0.3758642
652.0,652.0,0.54298747
653.0,653.0,0.74901223
654.0,654.0,0.14397918
655.0,655.0,0.033211585
656.0,656.0,0.20581786
657.0,657.0,0.5889831
658.0,658.0,0.025514068
659.0,659.0,0.42395812
660.0,660.0,0.5907268
661.0,661.0,0.060114775
662.0,662.0,0.18126684
663.0,663.0,0.12629744
664.0,664.0,0.057842247
665.0,665.0,0.41445774
666.0,666.0,0.027813924
667.0,667.0,0.37159184
668.0,668.0,0.018729944
669.0,669.0,0.0022931441
670.0,670.0,0.3717528
671.0,671.0,0.5593566
672.0,672.0,0.087900676
673.0,673.0,6.001165E-4
674.0,674.0,0.28853306
675.0,675.0,0.23566505
676.0,676.0,0.0033266393
677.0,677.0,0.20305033
678.0,678.0,0.6608457
679.0,679.0,0.6481509
680.0,680.0,0.37295413
681.0,681.0,0.004977236
682.0,682.0,0.61856186
683.0,683.0,0.68286264
684.0,684.0,0.3119072
685.0,685.0,0.6812299
686.0,686.0,0.06514716
687.0,687.0,0.63756657
688.0,688.0,0.65281075
689.0,689.0,0.009222957
690.0,690.0,0.14278248
691.0,691.0,0.75279176
692.0,692.0,0.48724353
693.0,693.0,0.2942372
694.0,694.0,0.04807858
695.0,695.0,0.018642155
696.0,696.0,0.34399292
697.0,697.0,0.034915607
698.0,698.0,0.29168305
699.0,699.0,0.033361547
700.0,700.0,0.24959563
701.0,701.0,9.1310823E-4
702.0,702.0,0.744874
703.0,703.0,0.061910827
704.0,704.0,0.010336806
705.0,705.0,0.24352375
706.0,706.0,0.26552078
707.0,707.0,0.17798668
708.0,708.0,0.59550554
709.0,709.0,0.59632057
710.0,710.0,0.6608047
711.0,711.0,0.45043474
712.0,712.0,0.5494057
713.0,713.0,0.23921941
714.0,714.0,0.58231765
715.0,715.0,0.7240552
716.0,716.0,0.4288153
717.0,717.0,0.11214118
718.0,718.0,0.4418959
719.0,719.0,0.72206
720.0,720.0,0.54426837
721.0,721.0,0.6632048
722.0,722.0,0.5380876
723.0,723.0,0.06257552
724.0,724.0,0.6541247
725.0,725.0,0.002548448
726.0,726.0,0.04522436
727.0,727.0,0.67565143
728.0,728.0,0.123510376
729.0,729.0,0.5929433
730.0,730.0,0.30722445
731.0,731.0,0.23648515
732.0,732.0,0.6411803
733.0,733.0,0.0035599135
734.0,734.0,0.61038405
735.0,735.0,0.19906174
736.0,736.0,0.43647754
737.0,737.0,0.015329521
738.0,738.0,0.04872512
739.0,739.0,0.008709006
740.0,740.0,0.5925651
741.0,741.0,0.385375
742.0,742.0,0.744849
743.0,743.0,0.52547854
744.0,744.0,0.1981542
745.0,745.0,0.63498753
746.0,746.0,0.12689352
747.0,747.0,0.08847494
748.0,748.0,0.6173991
749.0,749.0,0.7478917
750.0,750.0,0.56206864
751.0,751.0,0.32594296
752.0,752.0,0.14098254
753.0,753.0,0.04522232
754.0,754.0,0.021293586
755.0,755.0,0.44009563
756.0,756.0,0.6997749
757.0,757.0,0.0013163877
758.0,758.0,0.4614718
759.0,759.0,0.5010307
760.0,760.0,0.49400333
761.0,761.0,0.31168222
762.0,762.0,9.1529696E-4
763.0,763.0,0.2377534
764.0,764.0,0.42585346
765.0,765.0,0.03619189
766.0,766.0,0.15803355
767.0,767.0,0.011540245
768.0,768.0,5.60551E-4
769.0,769.0,0.70416844
770.0,770.0,0.6940351
771.0,771.0,0.03949002
772.0,772.0,0.67256784
773.0,773.0,0.0958405
774.0,774.0,0.7287829
775.0,775.0,0.059796713
776.0,776.0,0.70057017
777.0,777.0,0.37199083
778.0,778.0,0.11923571
779.0,779.0,0.11295208
780.0,780.0,0.032851487
781.0,781.0,0.10119091
782.0,782.0,0.48639637
783.0,783.0,0.638206
784.0,784.0,0.63417363
785.0,785.0,0.073154554
786.0,786.0,0.0098106675
787.0,787.0,0.41418156
788.0,788.0,0.48067278
789.0,789.0,0.016026853
790.0,790.0,0.0015057258
791.0,791.0,0.09968923
792.0,792.0,0.26951656
793.0,793.0,0.072439805
794.0,794.0,0.7089486
795.0,795.0,0.028213495
796.0,796.0,0.0072222385
797.0,797.0,0.735425
798.0,798.0,0.019183576
799.0,799.0,0.07010942
800.0,800.0,0.031569514
801.0,801.0,0.649394
802.0,802.0,0.034748908
803.0,803.0,0.09142005
804.0,804.0,0.63674855
805.0,805.0,0.392701
806.0,806.0,0.021853132
807.0,807.0,0.2912852
808.0,808.0,0.67581445
809.0,809.0,0.02427567
810.0,810.0,0.5301718
811.0,811.0,0.7536655
812.0,812.0,0.5733298
813.0,813.0,0.67259085
814.0,814.0,0.58401865
815.0,815.0,0.6422388
816.0,816.0,0.7646558
817.0,817.0,0.0011362818
818.0,818.0,0.018342942
819.0,819.0,0.32024705
820.0,820.0,0.45221633
821.0,821.0,0.33569318
822.0,822.0,0.1687273
823.0,823.0,0.12134655
824.0,824.0,0.5681714
825.0,825.0,0.034048896
826.0,826.0,0.342807
827.0,827.0,0.06795973
828.0,828.0,0.6349002
829.0,829.0,0.039857116
830.0,830.0,0.012217896
831.0,831.0,0.36157843
832.0,832.0,0.60136116
833.0,833.0,0.61242163
834.0,834.0,0.5305495
835.0,835.0,0.4070404
836.0,836.0,0.2736236
837.0,837.0,0.4702228
838.0,838.0,0.016449638
839.0,839.0,0.1452052
840.0,840.0,0.6595665
841.0,841.0,0.24729267
842.0,842.0,0.22641347
843.0,843.0,0.0028150112
844.0,844.0,0.19083981
845.0,845.0,0.2302868
846.0,846.0,0.4406965
847.0,847.0,0.504684
848.0,848.0,0.6973975
849.0,849.0,0.7146304
850.0,850.0,0.65901566
851.0,851.0,0.5112936
852.0,852.0,0.0032293054
853.0,853.0,0.07642906
854.0,854.0,0.40438008
855.0,855.0,0.705609
856.0,856.0,0.12150368
857.0,857.0,0.50988716
858.0,858.0,0.27997798
859.0,859.0,0.12711367
860.0,860.0,0.44439426
861.0,861.0,0.038708813
862.0,862.0,0.6139874
863.0,863.0,0.6890685
864.0,864.0,0.7631145
865.0,865.0,0.35295218
866.0,866.0,0.21496187
867.0,867.0,0.75863355
868.0,868.0,0.43611857
869.0,869.0,0.73103595
870.0,870.0,0.0055842013
871.0,871.0,0.050261617
872.0,872.0,0.2147786
873.0,873.0,0.074862346
874.0,874.0,0.5896056
875.0,875.0,0.011995443
876.0,876.0,0.09123399
877.0,877.0,0.010428723
878.0,878.0,0.6970623
879.0,879.0,8.838545E-4
880.0,880.0,0.5710396
881.0,881.0,0.016499616
882.0,882.0,0.040527094
883.0,883.0,0.61370295
884.0,884.0,0.6973152
885.0,885.0,0.21238308
886.0,886.0,0.016588219
887.0,887.0,0.621036
888.0,888.0,0.019933233
889.0,889.0,0.015301945
890.0,890.0,0.7356422
891.0,891.0,0.41664177
892.0,892.0,0.061464883
893.0,893.0,0.50371164
894.0,894.0,0.12722604
895.0,895.0,0.10290675
896.0,896.0,0.001702506
897.0,897.0,0.22722295
898.0,898.0,0.18976893
899.0,899.0,0.39180642
900.0,900.0,0.15884246
901.0,901.0,0.724758
902.0,902.0,0.72360444
903.0,903.0,0.2274552
904.0,904.0,0.7596151
905.0,905.0,0.53991354
906.0,906.0,0.14873746
907.0,907.0,0.41344932
908.0,908.0,0.11349001
909.0,909.0,0.6487079
910.0,910.0,3.8999785E-4
911.0,911.0,0.6991046
912.0,912.0,0.6170495
913.0,913.0,0.011403003
914.0,914.0,0.14515498
915.0,915.0,0.012550965
916.0,916.0,0.0013794692
917.0,917.0,0.15432131
918.0,918.0,0.6832413
919.0,919.0,0.59992856
920.0,920.0,0.40280205
921.0,921.0,0.08325799
922.0,922.0,0.10560077
923.0,923.0,0.62604064
924.0,924.0,0.0028669438
925.0,925.0,9.828307E-4
926.0,926.0,0.45177728
927.0,927.0,0.40031785
928.0,928.0,0.48245817
929.0,929.0,0.72122395
930.0,930.0,0.017064393
931.0,931.0,0.45912
932.0,932.0,0.5759099
933.0,933.0,0.38297626
934.0,934.0,0.17745513
935.0,935.0,0.015855145
936.0,936.0,0.026070243
937.0,937.0,0.6206419
938.0,938.0,0.7036236
939.0,939.0,0.060146187
940.0,940.0,0.7489673
941.0,941.0,0.14748909
942.0,942.0,0.45229346
943.0,943.0,0.23045434
944.0,944.0,0.462515
945.0,945.0,0.011000807
946.0,946.0,0.21707806
947.0,947.0,0.67406255
948.0,948.0,0.041234687
949.0,949.0,0.39815292
950.0,950.0,0.5426469
951.0,951.0,0.57386315
952.0,952.0,0.04348823
953.0,953.0,0.7193551
954.0,954.0,0.17329802
955.0,955.0,0.05612148
956.0,956.0,0.5533104
957.0,957.0,0.04400891
958.0,958.0,0.620966
959.0,959.0,0.014410592
960.0,960.0,0.52034795
961.0,961.0,0.41699886
962.0,962.0,0.6695245
963.0,963.0,0.61890775
964.0,964.0,0.03622538
965.0,965.0,0.14421529
966.0,966.0,0.737747
967.0,967.0,0.39781296
968.0,968.0,0.07616458
969.0,969.0,7.1478565E-4
970.0,970.0,0.2710172
971.0,971.0,0.40336066
972.0,972.0,0.6204711
973.0,973.0,0.3076152
974.0,974.0,0.13898641
975.0,975.0,0.41249904
976.0,976.0,0.3291952
977.0,977.0,0.1565384
978.0,978.0,0.015658792
979.0,979.0,0.3770196
980.0,980.0,0.13880593
981.0,981.0,0.669119
982.0,982.0,0.09314782
983.0,983.0,0.36511382
984.0,984.0,0.022982582
985.0,985.0,0.028938834
986.0,986.0,0.08107232
987.0,987.0,0.058152255
988.0,988.0,0.16329432
989.0,989.0,0.60071546
990.0,990.0,0.051677626
991.0,991.0,0.26490444
992.0,992.0,0.34887433
993.0,993.0,0.024462504
994.0,994.0,0.74056154
995.0,995.0,0.06876559
996.0,996.0,0.5258068
997.0,997.0,0.39228225
998.0,998.0,0.021717744
999.0,999.0,0.07503408
1000.0,1000.0,0.61538804
1001.0,1001.0,0.024284763
1002.0,1002.0,0.19747403
1003.0,1003.0,0.085191324
1004.0,1004.0,0.26545256
1005.0,1005.0,0.11089518
1006.0,1006.0,0.29527164
1007.0,1007.0,0.5975193
1008.0,1008.0,0.68728703
1009.0,1009.0,0.05718225
1010.0,1010.0,0.20849395
1011.0,1011.0,0.7492195
1012.0,1012.0,0.59832925
1013.0,1013.0,0.2530003
1014.0,1014.0,0.61483854
1015.0,1015.0,0.0010651455
1016.0,1016.0,0.460415
1017.0,1017.0,0.42633253
1018.0,1018.0,0.3096272
1019.0,1019.0,0.2091126
1020.0,1020.0,0.48383695
1021.0,1021.0,0.17764741
1022.0,1022.0,0.07856443
1023.0,1023.0,0.7200692
1024.0,1024.0,0.04106061
1025.0,1025.0,0.48908314
1026.0,1026.0,0.044141803
1027.0,1027.0,0.6799385
1028.0,1028.0,0.09348521
1029.0,1029.0,0.41287628
1030.0,1030.0,0.11097316
1031.0,1031.0,0.69573855
1032.0,1032.0,0.5428795
1033.0,1033.0,0.5022939
1034.0,1034.0,0.6257455
1035.0,1035.0,0.046203442
1036.0,1036.0,0.34346095
1037.0,1037.0,0.18211403
1038.0,1038.0,0.035933502
1039.0,1039.0,0.6225049
1040.0,1040.0,0.29089567
1041.0,1041.0,0.74163735
1042.0,1042.0,0.4845009
1043.0,1043.0,0.21087751
1044.0,1044.0,0.10352062
1045.0,1045.0,0.35911146
1046.0,1046.0,0.1307943
1047.0,1047.0,0.21802363
1048.0,1048.0,0.11302851
1049.0,1049.0,0.28422347
1050.0,1050.0,0.025576754
1051.0,1051.0,0.080392815
1052.0,1052.0,0.63224477
1053.0,1053.0,0.020321868
1054.0,1054.0,0.71786
1055.0,1055.0,0.61999375
1056.0,1056.0,0.006663013
1057.0,1057.0,0.58937895
1058.0,1058.0,0.0036673597
1059.0,1059.0,0.6540072
1060.0,1060.0,0.046141714
1061.0,1061.0,0.2393276
1062.0,1062.0,0.6889826
1063.0,1063.0,0.34257245
1064.0,1064.0,0.53498733
1065.0,1065.0,0.046748184
1066.0,1066.0,0.5178173
1067.0,1067.0,0.0010289066
1068.0,1068.0,0.6936901
1069.0,1069.0,0.3457363
1070.0,1070.0,0.29076758
1071.0,1071.0,0.46494335
1072.0,1072.0,0.53657675
1073.0,1073.0,8.114171E-4
1074.0,1074.0,0.6370243
1075.0,1075.0,0.026022136
1076.0,1076.0,0.46522865
1077.0,1077.0,0.112187564
1078.0,1078.0,0.13492063
1079.0,1079.0,0.37788302
1080.0,1080.0,0.5920247
1081.0,1081.0,4.9952924E-4
1082.0,1082.0,0.619032
1083.0,1083.0,0.6419619
1084.0,1084.0,0.5863661
1085.0,1085.0,0.056420945
1086.0,1086.0,0.62011266
1087.0,1087.0,0.24512802
1088.0,1088.0,0.78732944
1089.0,1089.0,0.25808018
1090.0,1090.0,0.30043423
1091.0,1091.0,0.094144255
1092.0,1092.0,0.19740021
1093.0,1093.0,0.05975002
1094.0,1094.0,0.7482287
1095.0,1095.0,0.54700947
1096.0,1096.0,0.14040218
1097.0,1097.0,0.70383406
1098.0,1098.0,0.1682617
1099.0,1099.0,0.58509964
1100.0,1100.0,0.0545672
1101.0,1101.0,0.5994331
1102.0,1102.0,0.042172704
1103.0,1103.0,0.60604507
1104.0,1104.0,0.5280113
1105.0,1105.0,0.23731606
1106.0,1106.0,0.021445863
1107.0,1107.0,0.5921733
1108.0,1108.0,0.6072514
1109.0,1109.0,0.008466373
1110.0,1110.0,0.32126337
1111.0,1111.0,0.2129751
1112.0,1112.0,0.21630417
1113.0,1113.0,0.6679595
1114.0,1114.0,0.19876027
1115.0,1115.0,0.46128726
1116.0,1116.0,0.45521995
1117.0,1117.0,0.2507391
1118.0,1118.0,0.0026314128
1119.0,1119.0,0.24782057
1120.0,1120.0,0.075344525
1121.0,1121.0,0.6738468
1122.0,1122.0,0.1239999
1123.0,1123.0,0.013827697
1124.0,1124.0,0.074814975
1125.0,1125.0,0.00462154
1126.0,1126.0,0.21707599
1127.0,1127.0,0.0022896526
1128.0,1128.0,0.63766664
1129.0,1129.0,0.029537458
1130.0,1130.0,0.027504634
1131.0,1131.0,0.6368605
1132.0,1132.0,0.015889397
1133.0,1133.0,0.6680979
1134.0,1134.0,0.4767639
1135.0,1135.0,0.1771415
1136.0,1136.0,0.7044949
1137.0,1137.0,0.14281285
1138.0,1138.0,4.5214116E-4
1139.0,1139.0,0.093559906
1140.0,1140.0,0.0031196848
1141.0,1141.0,0.63340324
1142.0,1142.0,0.5901643
1143.0,1143.0,0.03158602
1144.0,1144.0,0.10779455
1145.0,1145.0,0.4466468
1146.0,1146.0,0.44519016
1147.0,1147.0,0.53591794
1148.0,1148.0,0.6785473
1149.0,1149.0,0.12865771
1150.0,1150.0,8.970273E-4
1151.0,1151.0,0.6665826
1152.0,1152.0,0.02359687
1153.0,1153.0,0.6550214
1154.0,1154.0,0.7095208
1155.0,1155.0,0.04573167
1156.0,1156.0,0.22120959
1157.0,1157.0,0.0041968604
1158.0,1158.0,0.65498096
1159.0,1159.0,0.4522466
1160.0,1160.0,0.69968176
1161.0,1161.0,0.6865967
1162.0,1162.0,0.33478045
1163.0,1163.0,0.5138455
1164.0,1164.0,0.5280687
1165.0,1165.0,0.09415536
1166.0,1166.0,0.63779324
1167.0,1167.0,0.6131747
1168.0,1168.0,0.10260461
1169.0,1169.0,0.05539478
1170.0,1170.0,0.58404905
1171.0,1171.0,0.60938275
1172.0,1172.0,0.0040729227
1173.0,1173.0,0.06820454
1174.0,1174.0,0.5774607
1175.0,1175.0,0.62689006
1176.0,1176.0,0.18185776
1177.0,1177.0,0.003946538
1178.0,1178.0,0.14290546
1179.0,1179.0,7.712097E-4
1180.0,1180.0,0.024325255
1181.0,1181.0,0.3545038
1182.0,1182.0,0.08077358
1183.0,1183.0,0.003393481
1184.0,1184.0,0.7812754
1185.0,1185.0,0.10735808
1186.0,1186.0,0.003964673
1187.0,1187.0,0.27249798
1188.0,1188.0,0.025431689
1189.0,1189.0,0.19023839
1190.0,1190.0,0.34454763
1191.0,1191.0,0.0010171823
1192.0,1192.0,0.027180232
1193.0,1193.0,0.0080464035
1194.0,1194.0,0.649279
1195.0,1195.0,0.02458462
1196.0,1196.0,0.19121005
1197.0,1197.0,0.005708846
1198.0,1198.0,0.63038707
1199.0,1199.0,0.11435076
1200.0,1200.0,0.29529482
1201.0,1201.0,0.3017334
1202.0,1202.0,0.09529661
1203.0,1203.0,0.6987993
1204.0,1204.0,0.0026448048
1205.0,1205.0,0.0013148981
1206.0,1206.0,0.6854509
1207.0,1207.0,0.17150573
1208.0,1208.0,0.69619524
1209.0,1209.0,0.64047396
1210.0,1210.0,0.41962162
1211.0,1211.0,0.43943027
1212.0,1212.0,0.06428503
1213.0,1213.0,0.024863029
1214.0,1214.0,0.039162092
1215.0,1215.0,0.36944914
1216.0,1216.0,0.4857393
1217.0,1217.0,0.36998203
1218.0,1218.0,0.017175602
1219.0,1219.0,0.0010806866
1220.0,1220.0,0.026950033
1221.0,1221.0,0.02852676
1222.0,1222.0,0.24252917
1223.0,1223.0,0.0044787633
1224.0,1224.0,0.4961192
1225.0,1225.0,0.67855424
1226.0,1226.0,0.12550136
1227.0,1227.0,0.019371277
1228.0,1228.0,0.26402023
1229.0,1229.0,0.22320336
1230.0,1230.0,0.11009769
1231.0,1231.0,0.3366675
1232.0,1232.0,0.6315353
1233.0,1233.0,0.31763023
1234.0,1234.0,0.041356035
1235.0,1235.0,0.0103457635
1236.0,1236.0,0.47663325
1237.0,1237.0,0.6612463
1238.0,1238.0,0.4499204
1239.0,1239.0,0.0460101
1240.0,1240.0,0.7493917
1241.0,1241.0,0.40584373
1242.0,1242.0,0.13401937
1243.0,1243.0,0.008677025
1244.0,1244.0,0.14467724
1245.0,1245.0,0.61302465
1246.0,1246.0,0.05954574
1247.0,1247.0,0.6689492
1248.0,1248.0,0.7335072
1249.0,1249.0,0.0460531
1250.0,1250.0,0.312188
1251.0,1251.0,0.2148774
1252.0,1252.0,0.41091898
1253.0,1253.0,0.0025460867
1254.0,1254.0,0.0025262441
1255.0,1255.0,0.6538866
1256.0,1256.0,0.0046215565
1257.0,1257.0,0.44958302
1258.0,1258.0,0.12784001
1259.0,1259.0,0.039102286
1260.0,1260.0,0.032281134
1261.0,1261.0,0.0029196192
1262.0,1262.0,0.35546583
1263.0,1263.0,0.45706668
1264.0,1264.0,0.50678897
1265.0,1265.0,0.37761682
1266.0,1266.0,0.551191
1267.0,1267.0,0.0077665225
1268.0,1268.0,0.32006854
1269.0,1269.0,0.033838168
1270.0,1270.0,0.09359491
1271.0,1271.0,0.05053435
1272.0,1272.0,0.6955227
1273.0,1273.0,0.37764218
1274.0,1274.0,0.013609527
1275.0,1275.0,0.079025105
1276.0,1276.0,0.17149098
1277.0,1277.0,0.0071491627
1278.0,1278.0,0.47814918
1279.0,1279.0,0.2994588
1280.0,1280.0,0.28006506
1281.0,1281.0,0.7092822
1282.0,1282.0,0.6014895
1283.0,1283.0,0.002578029
1284.0,1284.0,0.52129614
1285.0,1285.0,0.011243945
1286.0,1286.0,0.023961829
1287.0,1287.0,0.013264544
1288.0,1288.0,0.58740157
1289.0,1289.0,0.35343796
1290.0,1290.0,0.551596
1291.0,1291.0,0.13543421
1292.0,1292.0,0.6507475
1293.0,1293.0,0.016785473
1294.0,1294.0,0.28722128
1295.0,1295.0,0.7425554
1296.0,1296.0,0.009198951
1297.0,1297.0,0.10041204
1298.0,1298.0,0.19441023
1299.0,1299.0,0.3222301
1300.0,1300.0,0.12954535
1301.0,1301.0,0.24481395
1302.0,1302.0,0.034207374
1303.0,1303.0,0.46004292
1304.0,1304.0,0.0073202867
1305.0,1305.0,0.11314573
1306.0,1306.0,0.54542625
1307.0,1307.0,0.42984957
1308.0,1308.0,0.010589018
1309.0,1309.0,0.4895585
1310.0,1310.0,0.17665076
1311.0,1311.0,0.6963256
1312.0,1312.0,0.40298492
1313.0,1313.0,0.6640902
1314.0,1314.0,0.245176
1315.0,1315.0,0.43414608
1316.0,1316.0,0.14193109
1317.0,1317.0,0.664412
1318.0,1318.0,0.586706
1319.0,1319.0,0.0073290463
1320.0,1320.0,0.04093031
1321.0,1321.0,0.61178946
1322.0,1322.0,0.17662996
1323.0,1323.0,0.5017173
1324.0,1324.0,0.6237526
1325.0,1325.0,0.49532127
1326.0,1326.0,0.047994934
1327.0,1327.0,0.0023435145
1328.0,1328.0,0.004503749
1329.0,1329.0,0.3105078
1330.0,1330.0,0.016048137
1331.0,1331.0,0.026825767
1332.0,1332.0,0.17522913
1333.0,1333.0,0.7069392
1334.0,1334.0,0.05405831
1335.0,1335.0,0.0050313813
1336.0,1336.0,0.0079541495
1337.0,1337.0,0.52905804
1338.0,1338.0,0.48062894
1339.0,1339.0,0.12435785
1340.0,1340.0,0.7424002
1341.0,1341.0,0.6770502
1342.0,1342.0,0.31233335
1343.0,1343.0,0.574903
1344.0,1344.0,0.51025826
1345.0,1345.0,0.114075646
1346.0,1346.0,0.025502902
1347.0,1347.0,0.47135597
1348.0,1348.0,0.33594424
1349.0,1349.0,0.5459398
1350.0,1350.0,0.4039532
1351.0,1351.0,0.31083816
1352.0,1352.0,0.28140926
1353.0,1353.0,0.1686627
1354.0,1354.0,0.060229138
1355.0,1355.0,0.57946235
1356.0,1356.0,0.012622405
1357.0,1357.0,0.27372903
1358.0,1358.0,0.18446833
1359.0,1359.0,0.15779246
1360.0,1360.0,0.10350937
1361.0,1361.0,0.04921239
1362.0,1362.0,0.08702284
1363.0,1363.0,0.20410725
1364.0,1364.0,0.21221782
1365.0,1365.0,0.21854879
1366.0,1366.0,0.08177913
1367.0,1367.0,0.73499143
1368.0,1368.0,0.5660783
1369.0,1369.0,0.5408753
1370.0,1370.0,0.30534604
1371.0,1371.0,0.1594816
1372.0,1372.0,0.067982495
1373.0,1373.0,0.017945569
1374.0,1374.0,0.45129946
1375.0,1375.0,0.0013332968
1376.0,1376.0,0.64599496
1377.0,1377.0,0.43076628
1378.0,1378.0,0.5437679
1379.0,1379.0,0.40243626
1380.0,1380.0,0.54985976
1381.0,1381.0,0.6891883
1382.0,1382.0,0.008381987
1383.0,1383.0,0.20682964
1384.0,1384.0,0.3280914
1385.0,1385.0,0.002550897
1386.0,1386.0,0.15017945
1387.0,1387.0,0.047515053
1388.0,1388.0,0.053093415
1389.0,1389.0,0.05712969
1390.0,1390.0,0.27723107
1391.0,1391.0,0.5646653
1392.0,1392.0,0.45988235
1393.0,1393.0,0.0077005117
1394.0,1394.0,0.13199866
1395.0,1395.0,0.53614074
1396.0,1396.0,0.19320272
1397.0,1397.0,0.32372952
1398.0,1398.0,0.27757207
1399.0,1399.0,0.6223333
1400.0,1400.0,0.20433496
1401.0,1401.0,0.6287637
1402.0,1402.0,0.5591591
1403.0,1403.0,0.0034462428
1404.0,1404.0,0.04232269
1405.0,1405.0,0.48881325
1406.0,1406.0,0.32799223
1407.0,1407.0,0.014334385
1408.0,1408.0,0.76052684
1409.0,1409.0,0.010723897
1410.0,1410.0,0.67256594
1411.0,1411.0,0.0024649939
1412.0,1412.0,0.01254388
1413.0,1413.0,0.035824165
1414.0,1414.0,0.51441777
1415.0,1415.0,0.079634435
1416.0,1416.0,7.6441397E-4
1417.0,1417.0,0.5065842
1418.0,1418.0,0.5024246
1419.0,1419.0,0.034076788
1420.0,1420.0,0.38451847
1421.0,1421.0,0.612406
1422.0,1422.0,0.017654492
1423.0,1423.0,0.38992995
1424.0,1424.0,0.12350894
1425.0,1425.0,0.017907066
1426.0,1426.0,0.2446602
1427.0,1427.0,0.2279158
1428.0,1428.0,0.7010563
1429.0,1429.0,0.5763473
1430.0,1430.0,0.63767266
1431.0,1431.0,0.026956413
1432.0,1432.0,0.3169494
1433.0,1433.0,0.053050466
1434.0,1434.0,0.71712625
1435.0,1435.0,0.47032106
1436.0,1436.0,0.5547837
1437.0,1437.0,0.3294479
1438.0,1438.0,0.104236834
1439.0,1439.0,0.0026716203
1440.0,1440.0,0.035957184
1441.0,1441.0,0.0676182
1442.0,1442.0,0.035157796
1443.0,1443.0,0.12384467
1444.0,1444.0,0.099872515
1445.0,1445.0,0.18367237
1446.0,1446.0,0.7284663
1447.0,1447.0,0.45605788
1448.0,1448.0,8.082072E-4
1449.0,1449.0,0.42611235
1450.0,1450.0,0.30197656
1451.0,1451.0,0.42969686
1452.0,1452.0,0.4655422
1453.0,1453.0,0.45690376
1454.0,1454.0,0.71240896
1455.0,1455.0,0.6972618
1456.0,1456.0,0.6073279
1457.0,1457.0,0.057265736
1458.0,1458.0,0.42870992
1459.0,1459.0,0.20294522
1460.0,1460.0,0.51743877
1461.0,1461.0,0.006243654
1462.0,1462.0,0.410228
1463.0,1463.0,0.60683113
1464.0,1464.0,0.61679846
1465.0,1465.0,0.65138906
1466.0,1466.0,0.22692822
1467.0,1467.0,0.001163375
1468.0,1468.0,0.68893737
1469.0,1469.0,0.35172206
1470.0,1470.0,0.40369383
1471.0,1471.0,0.006363117
1472.0,1472.0,0.65326566
1473.0,1473.0,0.39887732
1474.0,1474.0,0.23597166
1475.0,1475.0,0.36949
1476.0,1476.0,0.07471952
1477.0,1477.0,0.6425261
1478.0,1478.0,0.056406464
1479.0,1479.0,0.040303286
1480.0,1480.0,0.63794976
1481.0,1481.0,0.4283855
1482.0,1482.0,0.68571895
1483.0,1483.0,0.0040553254
1484.0,1484.0,0.060964663
1485.0,1485.0,0.5957129
1486.0,1486.0,0.017974902
1487.0,1487.0,0.0024459586
1488.0,1488.0,0.0012847644
1489.0,1489.0,0.035139464
1490.0,1490.0,0.27718225
1491.0,1491.0,0.10457412
1492.0,1492.0,0.013343943
1493.0,1493.0,0.29273972
1494.0,1494.0,0.36300737
1495.0,1495.0,0.04387127
1496.0,1496.0,0.34532145
1497.0,1497.0,0.6069622
1498.0,1498.0,0.17886904
1499.0,1499.0,0.023380455
1500.0,1500.0,0.1609876
1501.0,1501.0,0.021904565
1502.0,1502.0,0.01671518
1503.0,1503.0,0.60489446
1504.0,1504.0,0.44756317
1505.0,1505.0,0.23195262
1506.0,1506.0,0.20100921
1507.0,1507.0,0.59458774
1508.0,1508.0,0.24511613
1509.0,1509.0,0.035258234
1510.0,1510.0,0.07006955
1511.0,1511.0,0.4526236
1512.0,1512.0,0.09940909
1513.0,1513.0,0.685188
1514.0,1514.0,0.025140464
1515.0,1515.0,0.587277
1516.0,1516.0,0.7381567
1517.0,1517.0,0.0033090774
1518.0,1518.0,0.17666504
1519.0,1519.0,0.36369425
1520.0,1520.0,0.6460707
1521.0,1521.0,0.019887911
1522.0,1522.0,0.008586326
1523.0,1523.0,0.21022156
1524.0,1524.0,0.53628266
1525.0,1525.0,0.42344195
1526.0,1526.0,0.32935002
1527.0,1527.0,0.5842759
1528.0,1528.0,0.0992453
1529.0,1529.0,0.016037019
1530.0,1530.0,0.06919395
1531.0,1531.0,0.09518402
1532.0,1532.0,0.001693694
1533.0,1533.0,0.20680396
1534.0,1534.0,0.5823876
1535.0,1535.0,0.48584965
1536.0,1536.0,0.28333992
1537.0,1537.0,0.01619113
1538.0,1538.0,0.056290314
1539.0,1539.0,0.2061219
1540.0,1540.0,0.062023323
1541.0,1541.0,0.7260967
1542.0,1542.0,0.45529574
1543.0,1543.0,0.09126175
1544.0,1544.0,0.24260071
1545.0,1545.0,3.65765E-4
1546.0,1546.0,0.65302
1547.0,1547.0,0.7504361
1548.0,1548.0,0.6113231
1549.0,1549.0,0.0034935144
1550.0,1550.0,0.1898118
1551.0,1551.0,0.34158534
1552.0,1552.0,0.547638
1553.0,1553.0,0.10403393
1554.0,1554.0,0.20388593
1555.0,1555.0,0.030562457
1556.0,1556.0,0.455077
1557.0,1557.0,0.20167403
1558.0,1558.0,0.119054526
1559.0,1559.0,0.56043875
1560.0,1560.0,0.0038211737
1561.0,1561.0,0.44327348
1562.0,1562.0,0.06627245
1563.0,1563.0,0.62403715
1564.0,1564.0,0.49451703
1565.0,1565.0,0.6410635
1566.0,1566.0,0.731438
1567.0,1567.0,0.001086844
1568.0,1568.0,0.29394794
1569.0,1569.0,0.7391869
1570.0,1570.0,0.079460606
1571.0,1571.0,0.17136694
1572.0,1572.0,0.29246706
1573.0,1573.0,0.70755786
1574.0,1574.0,0.11532014
1575.0,1575.0,0.6409073
1576.0,1576.0,0.28391218
1577.0,1577.0,0.44776675
1578.0,1578.0,0.39274904
1579.0,1579.0,0.34654185
1580.0,1580.0,0.2825684
1581.0,1581.0,0.5647049
1582.0,1582.0,0.012390416
1583.0,1583.0,0.024364946
1584.0,1584.0,0.6106182
1585.0,1585.0,0.33516327
1586.0,1586.0,0.13297091
1587.0,1587.0,0.069848634
1588.0,1588.0,0.27845654
1589.0,1589.0,0.568403
1590.0,1590.0,0.6955484
1591.0,1591.0,0.0038721352
1592.0,1592.0,0.28492028
1593.0,1593.0,0.23510998
1594.0,1594.0,0.28210172
1595.0,1595.0,0.6584451
1596.0,1596.0,0.62422353
1597.0,1597.0,0.3645236
1598.0,1598.0,0.04725797
1599.0,1599.0,0.71725464
1600.0,1600.0,0.5100045
1601.0,1601.0,0.38802063
1602.0,1602.0,0.19979411
1603.0,1603.0,0.6445178
1604.0,1604.0,0.68095094
1605.0,1605.0,0.07577061
1606.0,1606.0,0.23904923
1607.0,1607.0,0.15151562
1608.0,1608.0,0.28658006
1609.0,1609.0,0.44876426
1610.0,1610.0,0.09433182
1611.0,1611.0,0.47369105
1612.0,1612.0,0.18442295
1613.0,1613.0,0.043932233
1614.0,1614.0,0.018864227
1615.0,1615.0,0.22517255
1616.0,1616.0,0.080580354
1617.0,1617.0,0.004719434
1618.0,1618.0,0.58282244
1619.0,1619.0,0.010114288
1620.0,1620.0,0.07070425
1621.0,1621.0,0.0015469374
1622.0,1622.0,0.045126136
1623.0,1623.0,0.015871048
1624.0,1624.0,0.049153134
1625.0,1625.0,0.121768236
1626.0,1626.0,0.38570678
1627.0,1627.0,0.46142763
1628.0,1628.0,0.6548257
1629.0,1629.0,0.6026613
1630.0,1630.0,7.535168E-4
1631.0,1631.0,0.5958519
1632.0,1632.0,6.0692476E-4
1633.0,1633.0,0.63268644
1634.0,1634.0,0.039858874
1635.0,1635.0,0.31215534
1636.0,1636.0,0.22169267
1637.0,1637.0,0.0011809265
1638.0,1638.0,0.1277655
1639.0,1639.0,0.0011083533
1640.0,1640.0,0.6435181
1641.0,1641.0,0.011020336
1642.0,1642.0,0.4604777
1643.0,1643.0,0.3511339
1644.0,1644.0,0.25827387
1645.0,1645.0,0.0024212797
1646.0,1646.0,0.001200351
1647.0,1647.0,0.040489435
1648.0,1648.0,0.23751318
1649.0,1649.0,0.637569
1650.0,1650.0,0.15873162
1651.0,1651.0,0.005680946
1652.0,1652.0,0.0022249536
1653.0,1653.0,0.009338757
1654.0,1654.0,0.67380255
1655.0,1655.0,0.12160887
1656.0,1656.0,0.6975094
1657.0,1657.0,0.6104632
1658.0,1658.0,0.6634695
1659.0,1659.0,0.34078762
1660.0,1660.0,0.56259906
1661.0,1661.0,0.088633716
1662.0,1662.0,0.009615137
1663.0,1663.0,0.59824663
1664.0,1664.0,0.70468843
1665.0,1665.0,0.56100744
1666.0,1666.0,0.28095055
1667.0,1667.0,0.22434318
1668.0,1668.0,0.18317778
1669.0,1669.0,0.0022818553
1670.0,1670.0,0.32778224
1671.0,1671.0,0.109170675
1672.0,1672.0,0.5762729
1673.0,1673.0,0.6628963
1674.0,1674.0,0.5774476
1675.0,1675.0,0.74873465
1676.0,1676.0,0.00596139
1677.0,1677.0,0.46874613
1678.0,1678.0,0.48405257
1679.0,1679.0,0.003676062
1680.0,1680.0,0.5349195
1681.0,1681.0,0.2004384
1682.0,1682.0,0.6217197
1683.0,1683.0,0.63519174
1684.0,1684.0,0.039436243
1685.0,1685.0,0.64997584
1686.0,1686.0,0.5327659
1687.0,1687.0,0.118561886
1688.0,1688.0,0.046488065
1689.0,1689.0,0.03975237
1690.0,1690.0,0.083220035
1691.0,1691.0,0.09278727
1692.0,1692.0,0.44417897
1693.0,1693.0,0.057452966
1694.0,1694.0,0.2309002
1695.0,1695.0,0.7116195
1696.0,1696.0,0.023616947
1697.0,1697.0,5.0598464E-4
1698.0,1698.0,0.035874885
1699.0,1699.0,0.6931497
1700.0,1700.0,0.5152493
1701.0,1701.0,0.0038495944
1702.0,1702.0,0.5560248
1703.0,1703.0,0.4520371
1704.0,1704.0,0.842248
1705.0,1705.0,0.48663098
1706.0,1706.0,0.6198083
1707.0,1707.0,0.61378485
1708.0,1708.0,0.005521391
1709.0,1709.0,0.16330919
1710.0,1710.0,0.61662465
1711.0,1711.0,0.52683103
1712.0,1712.0,0.34927207
1713.0,1713.0,0.17093794
1714.0,1714.0,0.13710313
1715.0,1715.0,0.36252597
1716.0,1716.0,0.027596295
1717.0,1717.0,0.0041010957
1718.0,1718.0,0.046398424
1719.0,1719.0,0.5721487
1720.0,1720.0,0.19777717
1721.0,1721.0,0.6851457
1722.0,1722.0,0.006207796
1723.0,1723.0,0.17051205
1724.0,1724.0,0.17382872
1725.0,1725.0,0.6193041
1726.0,1726.0,0.069518045
1727.0,1727.0,0.59015656
1728.0,1728.0,0.0032161614
1729.0,1729.0,0.011548101
1730.0,1730.0,0.28497073
1731.0,1731.0,0.17309617
1732.0,1732.0,0.33370265
1733.0,1733.0,0.05637173
1734.0,1734.0,0.6095567
1735.0,1735.0,0.0028866173
1736.0,1736.0,0.47720584
1737.0,1737.0,0.15629844
1738.0,1738.0,0.106935695
1739.0,1739.0,0.13829038
1740.0,1740.0,0.038741544
1741.0,1741.0,0.56900424
1742.0,1742.0,0.5302347
1743.0,1743.0,0.69518054
1744.0,1744.0,0.089959644
1745.0,1745.0,0.6803545
1746.0,1746.0,0.19360892
1747.0,1747.0,0.57291263
1748.0,1748.0,0.7607876
1749.0,1749.0,0.35035232
1750.0,1750.0,0.017600268
1751.0,1751.0,0.405736
1752.0,1752.0,0.6242198
1753.0,1753.0,0.6001249
1754.0,1754.0,0.1849776
1755.0,1755.0,0.7286
1756.0,1756.0,0.64932096
1757.0,1757.0,0.6155043
1758.0,1758.0,0.38891265
1759.0,1759.0,0.2787569
1760.0,1760.0,0.019663054
1761.0,1761.0,0.0028216501
1762.0,1762.0,0.45595187
1763.0,1763.0,0.6394893
1764.0,1764.0,0.010228798
1765.0,1765.0,0.0029378962
1766.0,1766.0,0.14116123
1767.0,1767.0,0.21078521
1768.0,1768.0,0.43469062
1769.0,1769.0,0.6887355
1770.0,1770.0,0.002342935
1771.0,1771.0,0.46195477
1772.0,1772.0,0.662369
1773.0,1773.0,0.11234553
1774.0,1774.0,0.62894225
1775.0,1775.0,0.65864545
1776.0,1776.0,0.111042984
1777.0,1777.0,0.1119557
1778.0,1778.0,0.17545953
1779.0,1779.0,0.6157203
1780.0,1780.0,0.022245478
1781.0,1781.0,0.071218155
1782.0,1782.0,0.61771023
1783.0,1783.0,0.010957486
1784.0,1784.0,0.065659136
1785.0,1785.0,0.7453298
1786.0,1786.0,0.08341978
1787.0,1787.0,0.5989054
1788.0,1788.0,0.25661847
1789.0,1789.0,0.289233
1790.0,1790.0,0.0011366521
1791.0,1791.0,0.019204207
1792.0,1792.0,0.028195307
1793.0,1793.0,0.49454504
1794.0,1794.0,0.024829421
1795.0,1795.0,0.3871333
1796.0,1796.0,0.10035895
1797.0,1797.0,0.46524525
1798.0,1798.0,0.098709114
1799.0,1799.0,0.011958243
1800.0,1800.0,0.16024116
1801.0,1801.0,0.24637385
1802.0,1802.0,0.46060908
1803.0,1803.0,0.06632303
1804.0,1804.0,0.74577236
1805.0,1805.0,0.55337995
1806.0,1806.0,0.30452043
1807.0,1807.0,0.1387718
1808.0,1808.0,0.0036063532
1809.0,1809.0,0.4840036
1810.0,1810.0,0.40740654
1811.0,1811.0,0.61394906
1812.0,1812.0,0.013419515
1813.0,1813.0,0.5421125
1814.0,1814.0,0.0014142229
1815.0,1815.0,0.42032307
1816.0,1816.0,0.00393547
1817.0,1817.0,0.6665949
1818.0,1818.0,0.10224959
1819.0,1819.0,0.0434311
1820.0,1820.0,0.15307683
1821.0,1821.0,0.34236053
1822.0,1822.0,0.11805769
1823.0,1823.0,0.0017179841
1824.0,1824.0,0.21262343
1825.0,1825.0,0.48444697
1826.0,1826.0,0.38062546
1827.0,1827.0,0.0056095705
1828.0,1828.0,0.0150919175
1829.0,1829.0,0.5998805
1830.0,1830.0,0.07348478
1831.0,1831.0,0.06513678
1832.0,1832.0,0.005799332
1833.0,1833.0,0.69795984
1834.0,1834.0,0.7070664
1835.0,1835.0,0.47921014
1836.0,1836.0,0.13381152
1837.0,1837.0,0.23192874
1838.0,1838.0,0.40483183
1839.0,1839.0,0.29777178
1840.0,1840.0,0.04923581
1841.0,1841.0,0.11538113
1842.0,1842.0,0.6868227
1843.0,1843.0,0.034932517
1844.0,1844.0,0.2824655
1845.0,1845.0,0.122465864
1846.0,1846.0,0.01106016
1847.0,1847.0,0.004672442
1848.0,1848.0,0.70347536
1849.0,1849.0,0.5293604
1850.0,1850.0,0.10913411
1851.0,1851.0,0.5590875
1852.0,1852.0,0.6838189
1853.0,1853.0,0.6057987
1854.0,1854.0,0.5155112
1855.0,1855.0,0.45541918
1856.0,1856.0,0.0043269093
1857.0,1857.0,0.007354068
1858.0,1858.0,0.74770665
1859.0,1859.0,0.69466597
1860.0,1860.0,0.0062823314
1861.0,1861.0,0.5990332
1862.0,1862.0,0.24170682
1863.0,1863.0,0.0150830895
1864.0,1864.0,0.2606618
1865.0,1865.0,0.20253767
1866.0,1866.0,0.05739136
1867.0,1867.0,0.21867898
1868.0,1868.0,0.00549545
1869.0,1869.0,0.010008057
1870.0,1870.0,0.6505679
1871.0,1871.0,0.60572857
1872.0,1872.0,0.089953154
1873.0,1873.0,9.908403E-4
1874.0,1874.0,0.6937455
1875.0,1875.0,0.6570449
1876.0,1876.0,0.58824813
1877.0,1877.0,0.71800023
1878.0,1878.0,0.6786442
1879.0,1879.0,0.2772739
1880.0,1880.0,0.54297024
1881.0,1881.0,0.20748553
1882.0,1882.0,0.54786843
1883.0,1883.0,0.0136467535
1884.0,1884.0,0.32264817
1885.0,1885.0,0.6012861
1886.0,1886.0,0.59530467
1887.0,1887.0,0.32713854
1888.0,1888.0,0.079916164
1889.0,1889.0,0.4721086
1890.0,1890.0,0.13729395
1891.0,1891.0,0.16402514
1892.0,1892.0,0.010349672
1893.0,1893.0,0.7654059
1894.0,1894.0,0.5011331
1895.0,1895.0,0.13944884
1896.0,1896.0,0.027371345
1897.0,1897.0,0.24528173
1898.0,1898.0,0.12670155
1899.0,1899.0,0.28842673
1900.0,1900.0,0.13697217
1901.0,1901.0,0.0028979075
1902.0,1902.0,0.0060702264
1903.0,1903.0,0.4249444
1904.0,1904.0,0.40774143
1905.0,1905.0,0.5083473
1906.0,1906.0,0.0016715867
1907.0,1907.0,0.34031272
1908.0,1908.0,0.3228252
1909.0,1909.0,0.73663986
1910.0,1910.0,0.029366259
1911.0,1911.0,0.6407943
1912.0,1912.0,0.069632515
1913.0,1913.0,0.04475903
1914.0,1914.0,0.001974784
1915.0,1915.0,0.2725134
1916.0,1916.0,0.0801859
1917.0,1917.0,0.61053234
1918.0,1918.0,0.24621025
1919.0,1919.0,0.2961986
1920.0,1920.0,0.11074637
1921.0,1921.0,0.08426178
1922.0,1922.0,0.5246887
1923.0,1923.0,0.3329956
1924.0,1924.0,0.42994308
1925.0,1925.0,0.7694831
1926.0,1926.0,0.14243555
1927.0,1927.0,0.71723604
1928.0,1928.0,0.5162422
1929.0,1929.0,0.5331414
1930.0,1930.0,0.6502712
1931.0,1931.0,0.18661961
1932.0,1932.0,0.6688234
1933.0,1933.0,0.56525403
1934.0,1934.0,0.7701772
1935.0,1935.0,0.090194434
1936.0,1936.0,0.29279014
1937.0,1937.0,0.7228722
1938.0,1938.0,0.36252016
1939.0,1939.0,0.732647
1940.0,1940.0,0.6814203
1941.0,1941.0,0.20733418
1942.0,1942.0,0.5317578
1943.0,1943.0,0.0013717473
1944.0,1944.0,0.2490791
1945.0,1945.0,0.33804965
1946.0,1946.0,0.028269688
1947.0,1947.0,0.5763563
1948.0,1948.0,0.30713573
1949.0,1949.0,0.21425273
1950.0,1950.0,0.078051984
1951.0,1951.0,0.124983996
1952.0,1952.0,0.3808601
1953.0,1953.0,0.75732857
1954.0,1954.0,0.11671872
1955.0,1955.0,0.7435584
1956.0,1956.0,0.13952632
1957.0,1957.0,0.3970455
1958.0,1958.0,0.07275958
1959.0,1959.0,0.0011141761
1960.0,1960.0,0.02439569
1961.0,1961.0,0.54720956
1962.0,1962.0,0.02238117
1963.0,1963.0,0.58260083
1964.0,1964.0,0.15744315
1965.0,1965.0,0.30389038
1966.0,1966.0,0.75031626
1967.0,1967.0,0.04607473
1968.0,1968.0,0.37277296
1969.0,1969.0,0.5841633
1970.0,1970.0,0.09648753
1971.0,1971.0,0.6232062
1972.0,1972.0,0.19749914
1973.0,1973.0,0.22574593
1974.0,1974.0,0.37781897
1975.0,1975.0,0.455669
1976.0,1976.0,0.08600517
1977.0,1977.0,0.6267868
1978.0,1978.0,0.33463037
1979.0,1979.0,0.3120311
1980.0,1980.0,0.05148489
1981.0,1981.0,0.15903123
1982.0,1982.0,0.5181711
1983.0,1983.0,0.20826419
1984.0,1984.0,0.6415799
1985.0,1985.0,0.26211938
1986.0,1986.0,0.6638696
1987.0,1987.0,0.0040430073
1988.0,1988.0,0.6111362
1989.0,1989.0,0.010030877
1990.0,1990.0,0.42919755
1991.0,1991.0,0.724462
1992.0,1992.0,0.48755705
1993.0,1993.0,0.4058546
1994.0,1994.0,0.60993636
1995.0,1995.0,0.18605036
1996.0,1996.0,0.6134266
1997.0,1997.0,0.019850962
1998.0,1998.0,0.121497475
1999.0,1999.0,0.0035359522
2000.0,2000.0,0.01254168
2001.0,2001.0,0.7250234
2002.0,2002.0,0.24794567
2003.0,2003.0,0.034220055
2004.0,2004.0,6.811075E-4
2005.0,2005.0,0.5489357
2006.0,2006.0,0.24444957
2007.0,2007.0,0.5564797
2008.0,2008.0,0.8065887
2009.0,2009.0,0.030223846
2010.0,2010.0,0.0021707898
2011.0,2011.0,0.16303983
2012.0,2012.0,0.03995775
2013.0,2013.0,0.28643963
2014.0,2014.0,0.1546884
2015.0,2015.0,0.5949841
2016.0,2016.0,0.30827653
2017.0,2017.0,0.075769566
2018.0,2018.0,0.035274297
2019.0,2019.0,0.030389108
2020.0,2020.0,0.16461107
2021.0,2021.0,0.41154855
2022.0,2022.0,0.33219433
2023.0,2023.0,0.057645235
2024.0,2024.0,0.19836053
2025.0,2025.0,0.42180276
2026.0,2026.0,0.6456751
2027.0,2027.0,0.72817945
2028.0,2028.0,0.04793149
2029.0,2029.0,0.6223476
2030.0,2030.0,0.60101736
2031.0,2031.0,0.10518257
2032.0,2032.0,0.0031037892
2033.0,2033.0,0.0057607414
2034.0,2034.0,0.7174339
2035.0,2035.0,0.70822483
2036.0,2036.0,0.57643765
2037.0,2037.0,0.008123742
2038.0,2038.0,0.011711503
2039.0,2039.0,0.23833458
2040.0,2040.0,0.5430444
2041.0,2041.0,0.0014395739
2042.0,2042.0,0.016876893
2043.0,2043.0,0.18559107
2044.0,2044.0,0.18902275
2045.0,2045.0,0.0037886996
2046.0,2046.0,0.73397094
2047.0,2047.0,0.26096594
2048.0,2048.0,0.054984562
2049.0,2049.0,0.1833592
2050.0,2050.0,0.6539113
2051.0,2051.0,0.4881546
2052.0,2052.0,0.1033872
2053.0,2053.0,0.6785746
2054.0,2054.0,0.3040097
2055.0,2055.0,0.026355779
2056.0,2056.0,0.6921295
2057.0,2057.0,0.18793114
2058.0,2058.0,0.54623693
2059.0,2059.0,0.025307471
2060.0,2060.0,0.04496314
2061.0,2061.0,0.63237983
2062.0,2062.0,0.026279293
2063.0,2063.0,0.0094009405
2064.0,2064.0,0.025089715
2065.0,2065.0,0.42897403
2066.0,2066.0,0.58353764
2067.0,2067.0,0.49116886
2068.0,2068.0,0.6094222
2069.0,2069.0,0.51700705
2070.0,2070.0,0.56828517
2071.0,2071.0,0.5287822
2072.0,2072.0,0.5144057
2073.0,2073.0,0.09047038
2074.0,2074.0,0.016495362
2075.0,2075.0,0.003320875
2076.0,2076.0,0.36028597
2077.0,2077.0,0.46189418
2078.0,2078.0,0.04914087
2079.0,2079.0,0.6512534
2080.0,2080.0,0.6801358
2081.0,2081.0,0.38753787
2082.0,2082.0,0.65352553
2083.0,2083.0,0.45186913
2084.0,2084.0,0.012613083
2085.0,2085.0,0.015636707
2086.0,2086.0,0.029044587
2087.0,2087.0,0.015626708
2088.0,2088.0,0.0026735517
2089.0,2089.0,0.4286443
2090.0,2090.0,0.61049837
2091.0,2091.0,0.067206934
2092.0,2092.0,0.18098299
2093.0,2093.0,0.008163576
2094.0,2094.0,0.038453907
2095.0,2095.0,0.5023333
2096.0,2096.0,0.38335985
2097.0,2097.0,0.32285917
2098.0,2098.0,0.62968373
2099.0,2099.0,0.5376719
2100.0,2100.0,0.21345487
2101.0,2101.0,0.72571546
2102.0,2102.0,0.39516863
2103.0,2103.0,0.045620132
2104.0,2104.0,0.21443023
2105.0,2105.0,0.66839176
2106.0,2106.0,0.48380587
2107.0,2107.0,0.115534864
2108.0,2108.0,0.70274246
2109.0,2109.0,0.03824758
2110.0,2110.0,0.050126355
2111.0,2111.0,0.69975007
2112.0,2112.0,0.16393
2113.0,2113.0,0.64580125
2114.0,2114.0,0.0012265287
2115.0,2115.0,0.34162945
2116.0,2116.0,0.7197767
2117.0,2117.0,0.6897838
2118.0,2118.0,0.2774252
2119.0,2119.0,0.46999457
2120.0,2120.0,0.52260673
2121.0,2121.0,0.010517479
2122.0,2122.0,0.0010002407
2123.0,2123.0,0.63316435
2124.0,2124.0,0.07937585
2125.0,2125.0,0.105682425
2126.0,2126.0,0.17450683
2127.0,2127.0,0.012391461
2128.0,2128.0,0.5878313
2129.0,2129.0,0.18598685
2130.0,2130.0,0.5676341
2131.0,2131.0,0.39876974
2132.0,2132.0,0.18996842
2133.0,2133.0,0.18840188
2134.0,2134.0,0.0044127763
2135.0,2135.0,0.02954031
2136.0,2136.0,0.34126246
2137.0,2137.0,0.099654414
2138.0,2138.0,0.28118798
2139.0,2139.0,0.6735259
2140.0,2140.0,0.10281679
2141.0,2141.0,0.2106132
2142.0,2142.0,0.3459252
2143.0,2143.0,0.16798112
2144.0,2144.0,0.37201717
2145.0,2145.0,0.0026925916
2146.0,2146.0,0.18265013
2147.0,2147.0,0.26426476
2148.0,2148.0,0.03616165
2149.0,2149.0,0.54110366
2150.0,2150.0,0.21930261
2151.0,2151.0,0.3726766
2152.0,2152.0,0.5106748
2153.0,2153.0,0.7407657
2154.0,2154.0,0.22960596
2155.0,2155.0,0.3963256
2156.0,2156.0,0.7267888
2157.0,2157.0,0.10052207
2158.0,2158.0,0.069520116
2159.0,2159.0,0.051939044
2160.0,2160.0,0.50297445
2161.0,2161.0,0.012132147
2162.0,2162.0,0.36640072
2163.0,2163.0,0.21291599
2164.0,2164.0,0.48986953
2165.0,2165.0,0.13392657
2166.0,2166.0,0.67021316
2167.0,2167.0,0.13533227
2168.0,2168.0,0.078236386
2169.0,2169.0,0.4367112
2170.0,2170.0,0.005027059
2171.0,2171.0,0.39197046
2172.0,2172.0,0.029300652
2173.0,2173.0,0.002096452
2174.0,2174.0,0.005933873
2175.0,2175.0,0.1687607
2176.0,2176.0,0.025100492
2177.0,2177.0,0.4807108
2178.0,2178.0,0.09113947
2179.0,2179.0,0.34719828
2180.0,2180.0,0.102735214
2181.0,2181.0,0.17579357
2182.0,2182.0,0.49025095
2183.0,2183.0,0.34158805
2184.0,2184.0,0.0072107236
2185.0,2185.0,0.5928952
2186.0,2186.0,0.080928795
2187.0,2187.0,0.5021298
2188.0,2188.0,0.63010865
2189.0,2189.0,0.011287797
2190.0,2190.0,0.6561007
2191.0,2191.0,0.0012214042
2192.0,2192.0,0.638969
2193.0,2193.0,0.09317367
2194.0,2194.0,0.025158336
2195.0,2195.0,0.46146253
2196.0,2196.0,0.0027713135
2197.0,2197.0,0.019740403
2198.0,2198.0,0.47554663
2199.0,2199.0,0.6791177
2200.0,2200.0,0.6523289
2201.0,2201.0,0.20824619
2202.0,2202.0,0.28085545
2203.0,2203.0,0.19986203
2204.0,2204.0,0.039053526
2205.0,2205.0,0.52236277
2206.0,2206.0,0.44851142
2207.0,2207.0,0.6758224
2208.0,2208.0,0.005512155
2209.0,2209.0,0.05282825
2210.0,2210.0,0.71038985
2211.0,2211.0,0.029786319
2212.0,2212.0,0.0017289724
2213.0,2213.0,0.2916654
2214.0,2214.0,0.044433337
2215.0,2215.0,0.50339764
2216.0,2216.0,0.0011920905
2217.0,2217.0,0.07378524
2218.0,2218.0,0.027485942
2219.0,2219.0,0.36091295
2220.0,2220.0,0.0072954283
2221.0,2221.0,0.027563985
2222.0,2222.0,0.017187933
2223.0,2223.0,0.20238054
2224.0,2224.0,0.16867961
2225.0,2225.0,0.6156704
2226.0,2226.0,0.21544772
2227.0,2227.0,0.24577264
2228.0,2228.0,0.005044018
2229.0,2229.0,0.04692436
2230.0,2230.0,0.5201806
2231.0,2231.0,0.54922813
2232.0,2232.0,0.017416641
2233.0,2233.0,0.50539094
2234.0,2234.0,0.4887526
2235.0,2235.0,0.71738744
2236.0,2236.0,0.45946237
2237.0,2237.0,0.18373258
2238.0,2238.0,0.04669811
2239.0,2239.0,0.63757443
2240.0,2240.0,0.697877
2241.0,2241.0,0.017091984
2242.0,2242.0,0.22417964
2243.0,2243.0,0.11594928
2244.0,2244.0,0.053150926
2245.0,2245.0,0.0029981665
2246.0,2246.0,0.2529328
2247.0,2247.0,0.0068047647
2248.0,2248.0,0.03381743
2249.0,2249.0,0.24454705
2250.0,2250.0,0.6866117
2251.0,2251.0,0.04052955
2252.0,2252.0,0.0051806183
2253.0,2253.0,0.024415612
2254.0,2254.0,0.7123353
2255.0,2255.0,0.20117803
2256.0,2256.0,0.3149143
2257.0,2257.0,0.001898838
2258.0,2258.0,0.003372475
2259.0,2259.0,0.7547479
2260.0,2260.0,0.600315
2261.0,2261.0,0.5603179
2262.0,2262.0,0.20271654
2263.0,2263.0,0.15805759
2264.0,2264.0,0.6561519
2265.0,2265.0,0.039453316
2266.0,2266.0,0.0041003376
2267.0,2267.0,0.027528469
2268.0,2268.0,0.5918136
2269.0,2269.0,0.40142682
2270.0,2270.0,0.60260755
2271.0,2271.0,0.549333
2272.0,2272.0,0.030274449
2273.0,2273.0,0.009534941
2274.0,2274.0,0.19614348
2275.0,2275.0,0.012226205
2276.0,2276.0,0.3974549
2277.0,2277.0,0.45424896
2278.0,2278.0,0.010298344
2279.0,2279.0,0.3584546
2280.0,2280.0,0.55803204
2281.0,2281.0,9.815064E-4
2282.0,2282.0,0.7820008
2283.0,2283.0,0.6802018
2284.0,2284.0,0.32828644
2285.0,2285.0,0.022130636
2286.0,2286.0,0.012283639
2287.0,2287.0,0.67387426
2288.0,2288.0,0.58991873
2289.0,2289.0,0.24103774
2290.0,2290.0,0.17565247
2291.0,2291.0,0.16073097
2292.0,2292.0,0.24452136
2293.0,2293.0,0.01162217
2294.0,2294.0,0.6874066
2295.0,2295.0,0.8160012
2296.0,2296.0,0.021792958
2297.0,2297.0,0.52319115
2298.0,2298.0,0.21502769
2299.0,2299.0,0.52113044
2300.0,2300.0,0.004691783
2301.0,2301.0,0.020056533
2302.0,2302.0,0.04866374
2303.0,2303.0,0.4463358
2304.0,2304.0,0.07598976
2305.0,2305.0,0.029481675
2306.0,2306.0,0.6067225
2307.0,2307.0,0.04048408
2308.0,2308.0,0.5524403
2309.0,2309.0,0.0518696
2310.0,2310.0,0.18758473
2311.0,2311.0,0.277789
2312.0,2312.0,0.2586624
2313.0,2313.0,0.18392944
2314.0,2314.0,0.029299108
2315.0,2315.0,0.72199214
2316.0,2316.0,3.6783496E-4
2317.0,2317.0,0.15923698
2318.0,2318.0,0.01921718
2319.0,2319.0,0.50181234
2320.0,2320.0,0.0021791884
2321.0,2321.0,0.58986264
2322.0,2322.0,0.18142782
2323.0,2323.0,0.51486707
2324.0,2324.0,0.0406171
2325.0,2325.0,0.38617617
2326.0,2326.0,0.36171427
2327.0,2327.0,0.021862738
2328.0,2328.0,0.15064347
2329.0,2329.0,0.0010921148
2330.0,2330.0,0.70740473
2331.0,2331.0,0.08381986
2332.0,2332.0,0.24427323
2333.0,2333.0,0.013678357
2334.0,2334.0,0.54348254
2335.0,2335.0,0.0053428872
2336.0,2336.0,0.010583874
2337.0,2337.0,0.7262524
2338.0,2338.0,0.06618763
2339.0,2339.0,0.1113285
2340.0,2340.0,0.5229567
2341.0,2341.0,0.66542673
2342.0,2342.0,0.61151314
2343.0,2343.0,0.7190504
2344.0,2344.0,0.59086776
2345.0,2345.0,0.0032534034
2346.0,2346.0,0.00965864
2347.0,2347.0,0.19549288
2348.0,2348.0,0.62681437
2349.0,2349.0,0.6065957
2350.0,2350.0,0.021429813
2351.0,2351.0,0.7264164
2352.0,2352.0,0.1645955
2353.0,2353.0,0.1917694
2354.0,2354.0,0.6478673
2355.0,2355.0,0.08380547
2356.0,2356.0,0.64347976
2357.0,2357.0,0.43990248
2358.0,2358.0,0.0686063
2359.0,2359.0,0.19898054
2360.0,2360.0,0.22872017
2361.0,2361.0,0.0011909041
2362.0,2362.0,0.54948616
2363.0,2363.0,0.09643371
2364.0,2364.0,0.35513097
2365.0,2365.0,0.10377245
2366.0,2366.0,0.0015086393
2367.0,2367.0,0.29251826
2368.0,2368.0,0.0013014355
2369.0,2369.0,0.3864946
2370.0,2370.0,0.15745135
2371.0,2371.0,0.28755337
2372.0,2372.0,0.48380652
2373.0,2373.0,0.016015708
2374.0,2374.0,0.37690842
2375.0,2375.0,0.23453888
2376.0,2376.0,0.0012369492
2377.0,2377.0,0.08111534
2378.0,2378.0,0.32540575
2379.0,2379.0,0.36042225
2380.0,2380.0,0.32043555
2381.0,2381.0,0.57272106
2382.0,2382.0,0.009918306
2383.0,2383.0,0.04126607
2384.0,2384.0,0.5458355
2385.0,2385.0,0.30352837
2386.0,2386.0,0.004689634
2387.0,2387.0,0.765553
2388.0,2388.0,0.68675584
2389.0,2389.0,0.09371928
2390.0,2390.0,0.09339945
2391.0,2391.0,0.52831244
2392.0,2392.0,0.42694566
2393.0,2393.0,0.09365023
2394.0,2394.0,0.0017339393
2395.0,2395.0,0.7448668
2396.0,2396.0,0.034973577
2397.0,2397.0,0.43874365
2398.0,2398.0,0.2052298
2399.0,2399.0,0.11748235
2400.0,2400.0,0.017155146
2401.0,2401.0,0.051295567
2402.0,2402.0,0.64883757
2403.0,2403.0,0.012305547
2404.0,2404.0,0.4426522
2405.0,2405.0,0.03457373
2406.0,2406.0,0.11275753
2407.0,2407.0,0.27630195
2408.0,2408.0,0.025104037
2409.0,2409.0,0.6665055
2410.0,2410.0,0.028430756
2411.0,2411.0,0.01083336
2412.0,2412.0,0.67791367
2413.0,2413.0,0.57913035
2414.0,2414.0,0.4877974
2415.0,2415.0,0.67024237
2416.0,2416.0,0.019777948
2417.0,2417.0,0.30471715
2418.0,2418.0,0.39348444
2419.0,2419.0,0.43297908
2420.0,2420.0,0.6994628
2421.0,2421.0,0.36800152
2422.0,2422.0,0.3357999
2423.0,2423.0,0.5850895
2424.0,2424.0,0.39588523
2425.0,2425.0,6.1729545E-4
2426.0,2426.0,0.1407933
2427.0,2427.0,0.70227706
2428.0,2428.0,0.0090558985
2429.0,2429.0,0.4422128
2430.0,2430.0,0.69379437
2431.0,2431.0,0.11734867
2432.0,2432.0,0.0068369987
2433.0,2433.0,0.33045146
2434.0,2434.0,0.20246677
2435.0,2435.0,0.63669497
2436.0,2436.0,0.054871835
2437.0,2437.0,0.51250494
2438.0,2438.0,0.13685511
2439.0,2439.0,0.14789934
2440.0,2440.0,0.70557094
2441.0,2441.0,0.009801049
2442.0,2442.0,0.50974727
2443.0,2443.0,0.70509255
2444.0,2444.0,0.1242243
2445.0,2445.0,0.56833905
2446.0,2446.0,0.7211798
2447.0,2447.0,0.12410178
2448.0,2448.0,0.21277145
2449.0,2449.0,0.5089201
2450.0,2450.0,0.6921429
2451.0,2451.0,0.74642533
2452.0,2452.0,3.7015462E-4
2453.0,2453.0,0.6533178
2454.0,2454.0,0.08441554
2455.0,2455.0,0.4318823
2456.0,2456.0,6.079285E-4
2457.0,2457.0,0.0018695465
2458.0,2458.0,0.6870603
2459.0,2459.0,0.014394448
2460.0,2460.0,0.008427199
2461.0,2461.0,0.67902446
2462.0,2462.0,0.5450938
2463.0,2463.0,0.10513275
2464.0,2464.0,0.5930191
2465.0,2465.0,0.00645988
2466.0,2466.0,0.07294568
2467.0,2467.0,0.6953659
2468.0,2468.0,0.3692398
2469.0,2469.0,0.2641575
2470.0,2470.0,0.69594765
2471.0,2471.0,0.7321323
2472.0,2472.0,0.32456723
2473.0,2473.0,0.53121847
2474.0,2474.0,0.67742616
2475.0,2475.0,0.09266223
2476.0,2476.0,0.37520105
2477.0,2477.0,0.048125174
2478.0,2478.0,0.003017737
2479.0,2479.0,0.62686497
2480.0,2480.0,0.6844486
2481.0,2481.0,0.61305857
2482.0,2482.0,0.23802748
2483.0,2483.0,0.012842215
2484.0,2484.0,0.592077
2485.0,2485.0,0.30138457
2486.0,2486.0,0.22131579
2487.0,2487.0,0.75701153
2488.0,2488.0,0.5548368
2489.0,2489.0,0.067318834
2490.0,2490.0,0.012231322
2491.0,2491.0,0.61246014
2492.0,2492.0,0.6703136
2493.0,2493.0,0.06332561
2494.0,2494.0,0.04504732
2495.0,2495.0,0.23753256
2496.0,2496.0,0.10346877
2497.0,2497.0,0.028282609
2498.0,2498.0,0.62683594
2499.0,2499.0,0.043494876
2500.0,2500.0,0.0010024053
2501.0,2501.0,0.72861135
2502.0,2502.0,0.52464765
2503.0,2503.0,0.34810358
2504.0,2504.0,0.36243632
2505.0,2505.0,0.5030721
2506.0,2506.0,0.52617466
2507.0,2507.0,0.21933621
2508.0,2508.0,0.6721345
2509.0,2509.0,0.65132004
2510.0,2510.0,0.10653669
2511.0,2511.0,0.12149281
2512.0,2512.0,0.53580934
2513.0,2513.0,0.63543695
2514.0,2514.0,0.02803896
2515.0,2515.0,0.0051223035
2516.0,2516.0,0.23821904
2517.0,2517.0,0.025071686
2518.0,2518.0,0.027931869
2519.0,2519.0,0.6494822
2520.0,2520.0,0.23150058
2521.0,2521.0,0.009353571
2522.0,2522.0,8.5724884E-4
2523.0,2523.0,0.12028794
2524.0,2524.0,0.6322941
2525.0,2525.0,0.030925933
2526.0,2526.0,0.0493271
2527.0,2527.0,0.07508789
2528.0,2528.0,0.15453246
2529.0,2529.0,0.63413066
2530.0,2530.0,0.47276455
2531.0,2531.0,0.0028494163
2532.0,2532.0,0.6719142
2533.0,2533.0,0.6700824
2534.0,2534.0,0.6008717
2535.0,2535.0,0.24786715
2536.0,2536.0,0.07055066
2537.0,2537.0,0.08087403
2538.0,2538.0,0.47480005
2539.0,2539.0,0.05397135
2540.0,2540.0,0.22999075
2541.0,2541.0,0.03109568
2542.0,2542.0,0.0018538198
2543.0,2543.0,0.6851017
2544.0,2544.0,0.1220615
2545.0,2545.0,0.5599168
2546.0,2546.0,0.019193651
2547.0,2547.0,0.0024847102
2548.0,2548.0,0.14261709
2549.0,2549.0,0.008738856
2550.0,2550.0,0.45626742
2551.0,2551.0,0.2256349
2552.0,2552.0,0.0011574618
2553.0,2553.0,0.70637417
2554.0,2554.0,0.031051526
2555.0,2555.0,0.39949673
2556.0,2556.0,0.70138574
2557.0,2557.0,0.3896786
2558.0,2558.0,0.3811373
2559.0,2559.0,0.6755978
2560.0,2560.0,0.36846593
2561.0,2561.0,0.114406236
2562.0,2562.0,0.5842905
2563.0,2563.0,0.46015018
2564.0,2564.0,0.098055765
2565.0,2565.0,0.013078627
2566.0,2566.0,0.63631254
2567.0,2567.0,0.5620798
2568.0,2568.0,0.14928406
2569.0,2569.0,0.0017542763
2570.0,2570.0,0.4542725
2571.0,2571.0,0.108320475
2572.0,2572.0,0.20078823
2573.0,2573.0,0.20580453
2574.0,2574.0,0.6003336
2575.0,2575.0,0.10926419
2576.0,2576.0,0.010486012
2577.0,2577.0,0.37350494
2578.0,2578.0,0.38228017
2579.0,2579.0,0.28147036
2580.0,2580.0,0.73918915
2581.0,2581.0,0.45915684
2582.0,2582.0,0.0026482434
2583.0,2583.0,0.19828993
2584.0,2584.0,0.74161583
2585.0,2585.0,0.5493468
2586.0,2586.0,0.42534786
2587.0,2587.0,0.67848104
2588.0,2588.0,0.33582312
2589.0,2589.0,0.0015799275
2590.0,2590.0,0.07280891
2591.0,2591.0,0.6592811
2592.0,2592.0,0.012015163
2593.0,2593.0,0.74758786
2594.0,2594.0,0.0017697366
2595.0,2595.0,0.003636735
2596.0,2596.0,0.107975
2597.0,2597.0,0.02273692
2598.0,2598.0,0.69232875
2599.0,2599.0,0.23598717
2600.0,2600.0,0.03237308
2601.0,2601.0,0.02992093
2602.0,2602.0,0.003988836
2603.0,2603.0,0.5695598
2604.0,2604.0,0.069110446
2605.0,2605.0,0.4010076
2606.0,2606.0,0.41306978
2607.0,2607.0,0.016011953
2608.0,2608.0,0.01636109
2609.0,2609.0,0.39579248
2610.0,2610.0,0.59019256
2611.0,2611.0,5.161648E-4
2612.0,2612.0,0.3591024
2613.0,2613.0,0.19980495
2614.0,2614.0,0.5825507
2615.0,2615.0,0.1519947
2616.0,2616.0,0.51224166
2617.0,2617.0,0.23638798
2618.0,2618.0,0.001790593
2619.0,2619.0,0.033552848
2620.0,2620.0,0.004152864
2621.0,2621.0,0.11966334
2622.0,2622.0,0.026362406
2623.0,2623.0,0.72459507
2624.0,2624.0,0.50423944
2625.0,2625.0,0.7149556
2626.0,2626.0,0.4028476
2627.0,2627.0,0.049016874
2628.0,2628.0,0.5192102
2629.0,2629.0,0.50850743
2630.0,2630.0,0.18366012
2631.0,2631.0,0.020364653
2632.0,2632.0,0.36022073
2633.0,2633.0,0.012741663
2634.0,2634.0,0.33344492
2635.0,2635.0,0.2576645
2636.0,2636.0,0.56285435
2637.0,2637.0,0.05073624
2638.0,2638.0,0.6799834
2639.0,2639.0,0.30124205
2640.0,2640.0,0.5260626
2641.0,2641.0,0.5768356
2642.0,2642.0,0.6269773
2643.0,2643.0,0.07752154
2644.0,2644.0,0.32009107
2645.0,2645.0,0.33766937
2646.0,2646.0,0.45904207
2647.0,2647.0,0.31995517
2648.0,2648.0,0.721198
2649.0,2649.0,0.20821339
2650.0,2650.0,0.13212173
2651.0,2651.0,0.21010318
2652.0,2652.0,0.004235885
2653.0,2653.0,0.69308794
2654.0,2654.0,0.29732254
2655.0,2655.0,0.024429347
2656.0,2656.0,0.28415796
2657.0,2657.0,0.14715804
2658.0,2658.0,0.5330464
2659.0,2659.0,0.7286305
2660.0,2660.0,0.3154093
2661.0,2661.0,0.0046767895
2662.0,2662.0,0.015836945
2663.0,2663.0,0.059119876
2664.0,2664.0,0.62811476
2665.0,2665.0,0.5762669
2666.0,2666.0,0.003613589
2667.0,2667.0,0.5491831
2668.0,2668.0,0.07116738
2669.0,2669.0,0.7279743
2670.0,2670.0,0.010751108
2671.0,2671.0,0.71483064
2672.0,2672.0,0.3702135
2673.0,2673.0,0.0040537706
2674.0,2674.0,0.7541443
2675.0,2675.0,0.37413353
2676.0,2676.0,0.6073793
2677.0,2677.0,0.49640256
2678.0,2678.0,0.6861416
2679.0,2679.0,0.008926191
2680.0,2680.0,0.71843535
2681.0,2681.0,0.70283985
2682.0,2682.0,0.28472665
2683.0,2683.0,0.07602781
2684.0,2684.0,0.31135222
2685.0,2685.0,0.46340725
2686.0,2686.0,0.53312594
2687.0,2687.0,0.55130416
2688.0,2688.0,0.3671891
2689.0,2689.0,0.21946295
2690.0,2690.0,0.33971938
2691.0,2691.0,0.033796772
2692.0,2692.0,0.46956056
2693.0,2693.0,0.6462564
2694.0,2694.0,0.41743737
2695.0,2695.0,0.19934101
2696.0,2696.0,0.0089287525
2697.0,2697.0,0.20288306
2698.0,2698.0,0.21845084
2699.0,2699.0,0.022231834
2700.0,2700.0,0.7068472
2701.0,2701.0,0.061151873
2702.0,2702.0,0.35095283
2703.0,2703.0,0.018866196
2704.0,2704.0,0.6679196
2705.0,2705.0,0.0710659
2706.0,2706.0,0.014488095
2707.0,2707.0,0.17696765
2708.0,2708.0,0.22169222
2709.0,2709.0,0.017436368
2710.0,2710.0,0.025288086
2711.0,2711.0,0.0010713832
2712.0,2712.0,0.38228738
2713.0,2713.0,0.6194453
2714.0,2714.0,0.08418202
2715.0,2715.0,0.037905294
2716.0,2716.0,0.0099468
2717.0,2717.0,0.22219299
2718.0,2718.0,0.5411105
2719.0,2719.0,0.02866872
2720.0,2720.0,0.37676966
2721.0,2721.0,0.70623827
2722.0,2722.0,0.50320923
2723.0,2723.0,0.31596386
2724.0,2724.0,0.22967242
2725.0,2725.0,0.14825293
2726.0,2726.0,0.6666421
2727.0,2727.0,0.24425395
2728.0,2728.0,0.18957892
2729.0,2729.0,0.0076453243
2730.0,2730.0,0.45459872
2731.0,2731.0,0.06288895
2732.0,2732.0,0.6253439
2733.0,2733.0,8.127585E-4
2734.0,2734.0,0.07871964
2735.0,2735.0,0.021216322
2736.0,2736.0,0.5880595
2737.0,2737.0,0.11178366
2738.0,2738.0,0.05099552
2739.0,2739.0,0.0060801893
2740.0,2740.0,0.04076413
2741.0,2741.0,7.557442E-4
2742.0,2742.0,0.707371
2743.0,2743.0,0.2688824
2744.0,2744.0,0.5817485
2745.0,2745.0,0.15673952
2746.0,2746.0,0.016863294
2747.0,2747.0,0.06598994
2748.0,2748.0,0.043108262
2749.0,2749.0,0.7410635
2750.0,2750.0,0.56198084
2751.0,2751.0,0.25221503
2752.0,2752.0,0.7783601
2753.0,2753.0,0.55172336
2754.0,2754.0,0.047017734
2755.0,2755.0,0.022585744
2756.0,2756.0,0.458982
2757.0,2757.0,0.048932604
2758.0,2758.0,0.56467086
2759.0,2759.0,0.038770508
2760.0,2760.0,0.42367902
2761.0,2761.0,0.74813265
2762.0,2762.0,0.68512315
2763.0,2763.0,0.49813604
2764.0,2764.0,0.36034963
2765.0,2765.0,0.03801967
2766.0,2766.0,0.48765248
2767.0,2767.0,0.1012638
2768.0,2768.0,0.046362612
2769.0,2769.0,0.73512226
2770.0,2770.0,0.014165631
2771.0,2771.0,0.06079986
2772.0,2772.0,0.020816198
2773.0,2773.0,0.3694062
2774.0,2774.0,0.0034580664
2775.0,2775.0,0.17363076
2776.0,2776.0,0.07879062
2777.0,2777.0,0.58414686
2778.0,2778.0,0.024546953
2779.0,2779.0,0.44210944
2780.0,2780.0,0.29884917
2781.0,2781.0,0.03315753
2782.0,2782.0,0.099747494
2783.0,2783.0,0.68333644
2784.0,2784.0,0.54735035
2785.0,2785.0,0.29569235
2786.0,2786.0,0.46949768
2787.0,2787.0,0.56862706
2788.0,2788.0,0.6071743
2789.0,2789.0,0.34607798
2790.0,2790.0,0.6548899
2791.0,2791.0,0.7659652
2792.0,2792.0,0.015864722
2793.0,2793.0,0.03357425
2794.0,2794.0,0.5412155
2795.0,2795.0,7.81584E-4
2796.0,2796.0,0.1106868
2797.0,2797.0,0.024964666
2798.0,2798.0,0.077895805
2799.0,2799.0,0.015704108
2800.0,2800.0,0.47729182
2801.0,2801.0,0.62018824
2802.0,2802.0,0.51647663
2803.0,2803.0,0.7686736
2804.0,2804.0,0.6050012
2805.0,2805.0,0.1856926
2806.0,2806.0,0.2238208
2807.0,2807.0,0.027606698
2808.0,2808.0,0.020201372
2809.0,2809.0,0.4839345
2810.0,2810.0,0.18024327
2811.0,2811.0,0.7466916
2812.0,2812.0,0.69195133
2813.0,2813.0,0.37608626
2814.0,2814.0,0.7097041
2815.0,2815.0,0.6098127
2816.0,2816.0,0.38675526
2817.0,2817.0,0.005147351
2818.0,2818.0,0.2781162
2819.0,2819.0,0.07638297
2820.0,2820.0,0.19336346
2821.0,2821.0,0.0045316806
2822.0,2822.0,0.057237018
2823.0,2823.0,0.5536273
2824.0,2824.0,0.0931451
2825.0,2825.0,0.5409232
2826.0,2826.0,0.6112717
2827.0,2827.0,3.9405917E-4
2828.0,2828.0,0.007725545
2829.0,2829.0,0.008399533
2830.0,2830.0,0.010729184
2831.0,2831.0,0.18388984
2832.0,2832.0,0.06482067
2833.0,2833.0,0.1342704
2834.0,2834.0,0.03374598
2835.0,2835.0,0.54406023
2836.0,2836.0,0.0012860487
2837.0,2837.0,0.27580747
2838.0,2838.0,0.16741121
2839.0,2839.0,0.0016932058
2840.0,2840.0,0.4808584
2841.0,2841.0,0.70778763
2842.0,2842.0,0.18302773
2843.0,2843.0,0.5564932
2844.0,2844.0,0.00491692
2845.0,2845.0,0.0028496725
2846.0,2846.0,0.28522128
2847.0,2847.0,0.0022615723
2848.0,2848.0,0.3275856
2849.0,2849.0,0.5523663
2850.0,2850.0,0.51380926
2851.0,2851.0,0.010947864
2852.0,2852.0,0.49855375
2853.0,2853.0,0.37835848
2854.0,2854.0,0.5291764
2855.0,2855.0,0.07988222
2856.0,2856.0,0.0638972
2857.0,2857.0,0.50984925
2858.0,2858.0,0.31389087
2859.0,2859.0,0.6082872
2860.0,2860.0,0.013384933
2861.0,2861.0,0.37810647
2862.0,2862.0,0.66931456
2863.0,2863.0,0.6892771
2864.0,2864.0,0.69328725
2865.0,2865.0,0.82627696
2866.0,2866.0,0.443104
2867.0,2867.0,0.032189995
2868.0,2868.0,0.47483724
2869.0,2869.0,0.12885673
2870.0,2870.0,0.117475875
2871.0,2871.0,0.7156271
2872.0,2872.0,0.54185325
2873.0,2873.0,0.40973797
